-- phpMyAdmin SQL Dump
-- version 4.6.5.2
-- https://www.phpmyadmin.net/
--
-- Host: 127.0.0.1
-- Generation Time: 13-Ago-2019 às 04:50
-- Versão do servidor: 10.1.21-MariaDB
-- PHP Version: 5.6.30

SET SQL_MODE = "NO_AUTO_VALUE_ON_ZERO";
SET time_zone = "+00:00";


/*!40101 SET @OLD_CHARACTER_SET_CLIENT=@@CHARACTER_SET_CLIENT */;
/*!40101 SET @OLD_CHARACTER_SET_RESULTS=@@CHARACTER_SET_RESULTS */;
/*!40101 SET @OLD_COLLATION_CONNECTION=@@COLLATION_CONNECTION */;
/*!40101 SET NAMES utf8mb4 */;

--
-- Database: `mapos`
--

-- --------------------------------------------------------

--
-- Estrutura da tabela `anexos`
--

CREATE TABLE `anexos` (
  `idAnexos` int(11) NOT NULL,
  `anexo` varchar(45) DEFAULT NULL,
  `thumb` varchar(45) DEFAULT NULL,
  `url` varchar(300) DEFAULT NULL,
  `path` varchar(300) DEFAULT NULL,
  `os_id` int(11) NOT NULL
) ENGINE=InnoDB DEFAULT CHARSET=latin1;

-- --------------------------------------------------------

--
-- Estrutura da tabela `ci_sessions`
--

CREATE TABLE `ci_sessions` (
  `id` varchar(128) NOT NULL,
  `ip_address` varchar(45) NOT NULL,
  `timestamp` int(10) UNSIGNED NOT NULL DEFAULT '0',
  `data` blob NOT NULL
) ENGINE=InnoDB DEFAULT CHARSET=latin1;

--
-- Extraindo dados da tabela `ci_sessions`
--

INSERT INTO `ci_sessions` (`id`, `ip_address`, `timestamp`, `data`) VALUES
('lpou08cc6ib592qpopet1e2pni2dpto6', '::1', 1538868203, 0x5f5f63695f6c6173745f726567656e65726174657c693a313533383836383039333b6e6f6d657c733a31353a22526f647269676f204564756172646f223b656d61696c7c733a32353a22726f647269676f6564756172646f3940676d61696c2e636f6d223b69647c733a313a2232223b7065726d697373616f7c733a313a2231223b6c6f6761646f7c623a313b),
('oebk26khb79jakc83a91kkafmeah62im', '::1', 1538868553, 0x5f5f63695f6c6173745f726567656e65726174657c693a313533383836383439373b6e6f6d657c733a31353a22526f647269676f204564756172646f223b656d61696c7c733a32353a22726f647269676f6564756172646f3940676d61696c2e636f6d223b69647c733a313a2232223b7065726d697373616f7c733a313a2231223b6c6f6761646f7c623a313b),
('00v6rm7k4q88lsehpfes06qon4d5snsu', '::1', 1538869722, 0x5f5f63695f6c6173745f726567656e65726174657c693a313533383836393438373b6e6f6d657c733a31353a22526f647269676f204564756172646f223b656d61696c7c733a32353a22726f647269676f6564756172646f3940676d61696c2e636f6d223b69647c733a313a2232223b7065726d697373616f7c733a313a2231223b6c6f6761646f7c623a313b),
('o2n9d57io482g2vfnqlra9g5kf03ja3h', '::1', 1538870216, 0x5f5f63695f6c6173745f726567656e65726174657c693a313533383836393935323b6e6f6d657c733a31353a22526f647269676f204564756172646f223b656d61696c7c733a32353a22726f647269676f6564756172646f3940676d61696c2e636f6d223b69647c733a313a2232223b7065726d697373616f7c733a313a2231223b6c6f6761646f7c623a313b),
('rnsbbcl68sd5lqkl1tgi67jiuifb8aim', '::1', 1538871124, 0x5f5f63695f6c6173745f726567656e65726174657c693a313533383837313132313b6e6f6d657c733a31353a22526f647269676f204564756172646f223b656d61696c7c733a32353a22726f647269676f6564756172646f3940676d61696c2e636f6d223b69647c733a313a2232223b7065726d697373616f7c733a313a2231223b6c6f6761646f7c623a313b),
('kprt9sjkv5672q1m5kq2u8d3eubeflpt', '::1', 1538874645, 0x5f5f63695f6c6173745f726567656e65726174657c693a313533383837343336303b6e6f6d657c733a31353a22526f647269676f204564756172646f223b656d61696c7c733a32353a22726f647269676f6564756172646f3940676d61696c2e636f6d223b69647c733a313a2232223b7065726d697373616f7c733a313a2231223b6c6f6761646f7c623a313b),
('bf3jrnrfevpgd7b30eeetn1eqhera4ao', '::1', 1538874940, 0x5f5f63695f6c6173745f726567656e65726174657c693a313533383837343734363b6e6f6d657c733a31353a22526f647269676f204564756172646f223b656d61696c7c733a32353a22726f647269676f6564756172646f3940676d61696c2e636f6d223b69647c733a313a2232223b7065726d697373616f7c733a313a2231223b6c6f6761646f7c623a313b),
('pmjk6k90lmk44d95uq4rljbop1hvjfko', '::1', 1538875354, 0x5f5f63695f6c6173745f726567656e65726174657c693a313533383837353233313b6e6f6d657c733a31353a22526f647269676f204564756172646f223b656d61696c7c733a32353a22726f647269676f6564756172646f3940676d61696c2e636f6d223b69647c733a313a2232223b7065726d697373616f7c733a313a2231223b6c6f6761646f7c623a313b),
('0to4q3p57bpbk810n8p4cc5bgirmbco8', '::1', 1538875834, 0x5f5f63695f6c6173745f726567656e65726174657c693a313533383837353538323b6e6f6d657c733a31353a22526f647269676f204564756172646f223b656d61696c7c733a32353a22726f647269676f6564756172646f3940676d61696c2e636f6d223b69647c733a313a2232223b7065726d697373616f7c733a313a2231223b6c6f6761646f7c623a313b),
('9u2dd2iqls934tc4f6tn242o6viko84f', '::1', 1538876284, 0x5f5f63695f6c6173745f726567656e65726174657c693a313533383837353937343b6e6f6d657c733a31353a22526f647269676f204564756172646f223b656d61696c7c733a32353a22726f647269676f6564756172646f3940676d61696c2e636f6d223b69647c733a313a2232223b7065726d697373616f7c733a313a2231223b6c6f6761646f7c623a313b),
('77baa5mpo0dgc2bglu55lc4h6gs8vbfa', '::1', 1538876547, 0x5f5f63695f6c6173745f726567656e65726174657c693a313533383837363330383b6e6f6d657c733a31353a22526f647269676f204564756172646f223b656d61696c7c733a32353a22726f647269676f6564756172646f3940676d61696c2e636f6d223b69647c733a313a2232223b7065726d697373616f7c733a313a2231223b6c6f6761646f7c623a313b),
('30jumr6qspci2r8dc0pdof81o5tk8rlp', '::1', 1538876936, 0x5f5f63695f6c6173745f726567656e65726174657c693a313533383837363633363b6e6f6d657c733a31353a22526f647269676f204564756172646f223b656d61696c7c733a32353a22726f647269676f6564756172646f3940676d61696c2e636f6d223b69647c733a313a2232223b7065726d697373616f7c733a313a2231223b6c6f6761646f7c623a313b),
('ei3gh22a3a4fto7vjgbli4sr43lqb2aq', '::1', 1538877396, 0x5f5f63695f6c6173745f726567656e65726174657c693a313533383837363935383b6e6f6d657c733a31353a22526f647269676f204564756172646f223b656d61696c7c733a32353a22726f647269676f6564756172646f3940676d61696c2e636f6d223b69647c733a313a2232223b7065726d697373616f7c733a313a2231223b6c6f6761646f7c623a313b),
('fa5125ut72d5eu796krnfbf8e5t20ji7', '::1', 1538877427, 0x5f5f63695f6c6173745f726567656e65726174657c693a313533383837373432373b6e6f6d657c733a31353a22526f647269676f204564756172646f223b656d61696c7c733a32353a22726f647269676f6564756172646f3940676d61696c2e636f6d223b69647c733a313a2232223b7065726d697373616f7c733a313a2231223b6c6f6761646f7c623a313b),
('47bmrdjrdl12tclbp3uamm253ej2th2o', '::1', 1538878375, 0x5f5f63695f6c6173745f726567656e65726174657c693a313533383837383039363b6e6f6d657c733a31353a22526f647269676f204564756172646f223b656d61696c7c733a32353a22726f647269676f6564756172646f3940676d61696c2e636f6d223b69647c733a313a2232223b7065726d697373616f7c733a313a2231223b6c6f6761646f7c623a313b),
('n32nsmsnp5ge6l2sqn67vknagfcn9iuu', '::1', 1538878703, 0x5f5f63695f6c6173745f726567656e65726174657c693a313533383837383438313b6e6f6d657c733a31353a22526f647269676f204564756172646f223b656d61696c7c733a32353a22726f647269676f6564756172646f3940676d61696c2e636f6d223b69647c733a313a2232223b7065726d697373616f7c733a313a2231223b6c6f6761646f7c623a313b),
('trvf0nlfbvr7p8pkkkscgl6fbr8mkuj7', '::1', 1538880403, 0x5f5f63695f6c6173745f726567656e65726174657c693a313533383838303132373b6e6f6d657c733a31353a22526f647269676f204564756172646f223b656d61696c7c733a32353a22726f647269676f6564756172646f3940676d61696c2e636f6d223b69647c733a313a2232223b7065726d697373616f7c733a313a2231223b6c6f6761646f7c623a313b),
('v139tkf3u8m0644p9es6ivegk8n8q9fj', '::1', 1538880706, 0x5f5f63695f6c6173745f726567656e65726174657c693a313533383838303433323b6e6f6d657c733a31353a22526f647269676f204564756172646f223b656d61696c7c733a32353a22726f647269676f6564756172646f3940676d61696c2e636f6d223b69647c733a313a2232223b7065726d697373616f7c733a313a2231223b6c6f6761646f7c623a313b),
('qk4kqv7fdj84obbbnp589p3l27nkush3', '::1', 1538880845, 0x5f5f63695f6c6173745f726567656e65726174657c693a313533383838303834353b),
('ii4487jup6qepvqb553n264s2klfnmac', '::1', 1539035332, 0x5f5f63695f6c6173745f726567656e65726174657c693a313533393033353134363b6e6f6d657c733a31353a22526f647269676f204564756172646f223b656d61696c7c733a32353a22726f647269676f6564756172646f3940676d61696c2e636f6d223b69647c733a313a2232223b7065726d697373616f7c733a313a2231223b6c6f6761646f7c623a313b),
('thbico1vkdcqjhijdbempkteo92ufb6o', '::1', 1539035754, 0x5f5f63695f6c6173745f726567656e65726174657c693a313533393033353536353b6e6f6d657c733a31353a22526f647269676f204564756172646f223b656d61696c7c733a32353a22726f647269676f6564756172646f3940676d61696c2e636f6d223b69647c733a313a2232223b7065726d697373616f7c733a313a2231223b6c6f6761646f7c623a313b),
('6n86514optoa3khtppkb2u25p4cee3l6', '::1', 1539122336, 0x5f5f63695f6c6173745f726567656e65726174657c693a313533393132313634383b6e6f6d657c733a31353a22526f647269676f204564756172646f223b656d61696c7c733a32353a22726f647269676f6564756172646f3940676d61696c2e636f6d223b69647c733a313a2232223b7065726d697373616f7c733a313a2231223b6c6f6761646f7c623a313b),
('03gpva3djkaue6u4qu33j9hesdjmpubj', '::1', 1539122572, 0x5f5f63695f6c6173745f726567656e65726174657c693a313533393132323333363b6e6f6d657c733a31353a22526f647269676f204564756172646f223b656d61696c7c733a32353a22726f647269676f6564756172646f3940676d61696c2e636f6d223b69647c733a313a2232223b7065726d697373616f7c733a313a2231223b6c6f6761646f7c623a313b),
('5mcqn4547852ictb3mlf4qsoqk6ig16p', '::1', 1539123012, 0x5f5f63695f6c6173745f726567656e65726174657c693a313533393132323930383b6e6f6d657c733a31353a22526f647269676f204564756172646f223b656d61696c7c733a32353a22726f647269676f6564756172646f3940676d61696c2e636f6d223b69647c733a313a2232223b7065726d697373616f7c733a313a2231223b6c6f6761646f7c623a313b),
('spsmhjt92cvkgo6q8ehu1s7iij2b81l6', '::1', 1539124119, 0x5f5f63695f6c6173745f726567656e65726174657c693a313533393132333834303b6e6f6d657c733a31353a22526f647269676f204564756172646f223b656d61696c7c733a32353a22726f647269676f6564756172646f3940676d61696c2e636f6d223b69647c733a313a2232223b7065726d697373616f7c733a313a2231223b6c6f6761646f7c623a313b),
('68c36qvo88q9vbsi7teb72mq8aatbgne', '::1', 1539124333, 0x5f5f63695f6c6173745f726567656e65726174657c693a313533393132343138393b6e6f6d657c733a31353a22526f647269676f204564756172646f223b656d61696c7c733a32353a22726f647269676f6564756172646f3940676d61696c2e636f6d223b69647c733a313a2232223b7065726d697373616f7c733a313a2231223b6c6f6761646f7c623a313b),
('k5hhl1t19rc14h9eilo8a5tntkbkjb0e', '::1', 1539124804, 0x5f5f63695f6c6173745f726567656e65726174657c693a313533393132343530393b6e6f6d657c733a31353a22526f647269676f204564756172646f223b656d61696c7c733a32353a22726f647269676f6564756172646f3940676d61696c2e636f6d223b69647c733a313a2232223b7065726d697373616f7c733a313a2231223b6c6f6761646f7c623a313b),
('uouah5fqt074gdh7ec9bb4rgri9qagnn', '::1', 1539125197, 0x5f5f63695f6c6173745f726567656e65726174657c693a313533393132343832333b6e6f6d657c733a31353a22526f647269676f204564756172646f223b656d61696c7c733a32353a22726f647269676f6564756172646f3940676d61696c2e636f6d223b69647c733a313a2232223b7065726d697373616f7c733a313a2231223b6c6f6761646f7c623a313b),
('aru1n8lvaao2a920eevrac41e3u2q3ml', '::1', 1539125309, 0x5f5f63695f6c6173745f726567656e65726174657c693a313533393132353238383b6e6f6d657c733a31353a22526f647269676f204564756172646f223b656d61696c7c733a32353a22726f647269676f6564756172646f3940676d61696c2e636f6d223b69647c733a313a2232223b7065726d697373616f7c733a313a2231223b6c6f6761646f7c623a313b),
('00qlb8uavgkqmakg301svime2m7tej89', '::1', 1539205444, 0x5f5f63695f6c6173745f726567656e65726174657c693a313533393230353134373b6e6f6d657c733a31353a22526f647269676f204564756172646f223b656d61696c7c733a32353a22726f647269676f6564756172646f3940676d61696c2e636f6d223b69647c733a313a2232223b7065726d697373616f7c733a313a2231223b6c6f6761646f7c623a313b),
('gfrcm5mkvdlhbgv0r04r7vv0kdgquria', '::1', 1539205727, 0x5f5f63695f6c6173745f726567656e65726174657c693a313533393230353435363b6e6f6d657c733a31353a22526f647269676f204564756172646f223b656d61696c7c733a32353a22726f647269676f6564756172646f3940676d61696c2e636f6d223b69647c733a313a2232223b7065726d697373616f7c733a313a2231223b6c6f6761646f7c623a313b),
('pig59gk0078l6ognoahvjq9lc7tj94jk', '::1', 1539206079, 0x5f5f63695f6c6173745f726567656e65726174657c693a313533393230353831383b6e6f6d657c733a31353a22526f647269676f204564756172646f223b656d61696c7c733a32353a22726f647269676f6564756172646f3940676d61696c2e636f6d223b69647c733a313a2232223b7065726d697373616f7c733a313a2231223b6c6f6761646f7c623a313b),
('f8ukfrujp30n5murrcsfd339301jrt4t', '::1', 1539206509, 0x5f5f63695f6c6173745f726567656e65726174657c693a313533393230363232373b6e6f6d657c733a31353a22526f647269676f204564756172646f223b656d61696c7c733a32353a22726f647269676f6564756172646f3940676d61696c2e636f6d223b69647c733a313a2232223b7065726d697373616f7c733a313a2231223b6c6f6761646f7c623a313b),
('6dcfjds9c4o6b1mm7iad951ses4dkdh0', '::1', 1539206884, 0x5f5f63695f6c6173745f726567656e65726174657c693a313533393230363538383b6e6f6d657c733a31353a22526f647269676f204564756172646f223b656d61696c7c733a32353a22726f647269676f6564756172646f3940676d61696c2e636f6d223b69647c733a313a2232223b7065726d697373616f7c733a313a2231223b6c6f6761646f7c623a313b),
('nandvkn3i87negbe403tt1pn8h5ot1ka', '::1', 1539206965, 0x5f5f63695f6c6173745f726567656e65726174657c693a313533393230363930353b6e6f6d657c733a31353a22526f647269676f204564756172646f223b656d61696c7c733a32353a22726f647269676f6564756172646f3940676d61696c2e636f6d223b69647c733a313a2232223b7065726d697373616f7c733a313a2231223b6c6f6761646f7c623a313b),
('juqa9hk32arbr7ovsj1go7kagfi9e526', '::1', 1539207836, 0x5f5f63695f6c6173745f726567656e65726174657c693a313533393230373833363b6e6f6d657c733a31353a22526f647269676f204564756172646f223b656d61696c7c733a32353a22726f647269676f6564756172646f3940676d61696c2e636f6d223b69647c733a313a2232223b7065726d697373616f7c733a313a2231223b6c6f6761646f7c623a313b),
('k45pbffeoub54c68semg0poskv42d256', '::1', 1539208579, 0x5f5f63695f6c6173745f726567656e65726174657c693a313533393230383431343b6e6f6d657c733a31353a22526f647269676f204564756172646f223b656d61696c7c733a32353a22726f647269676f6564756172646f3940676d61696c2e636f6d223b69647c733a313a2232223b7065726d697373616f7c733a313a2231223b6c6f6761646f7c623a313b737563636573737c733a32333a224f73206564697461646120636f6d207375636573736f21223b5f5f63695f766172737c613a313a7b733a373a2273756363657373223b733a333a226f6c64223b7d),
('c8564kr8cda7j7mc0vgcafuqs7c9gbhf', '::1', 1539208864, 0x5f5f63695f6c6173745f726567656e65726174657c693a313533393230383739353b6e6f6d657c733a31353a22526f647269676f204564756172646f223b656d61696c7c733a32353a22726f647269676f6564756172646f3940676d61696c2e636f6d223b69647c733a313a2232223b7065726d697373616f7c733a313a2231223b6c6f6761646f7c623a313b),
('r9goa1ml39mln7ea9h3jsmov3pieolva', '::1', 1539209393, 0x5f5f63695f6c6173745f726567656e65726174657c693a313533393230393130333b6e6f6d657c733a31353a22526f647269676f204564756172646f223b656d61696c7c733a32353a22726f647269676f6564756172646f3940676d61696c2e636f6d223b69647c733a313a2232223b7065726d697373616f7c733a313a2231223b6c6f6761646f7c623a313b),
('7vgqml42j6hos3n2kdcg3apnf7lva0av', '::1', 1539210172, 0x5f5f63695f6c6173745f726567656e65726174657c693a313533393230393435323b6e6f6d657c733a31353a22526f647269676f204564756172646f223b656d61696c7c733a32353a22726f647269676f6564756172646f3940676d61696c2e636f6d223b69647c733a313a2232223b7065726d697373616f7c733a313a2231223b6c6f6761646f7c623a313b),
('22mqj88l8djb03cj5l11praeg4510pkg', '::1', 1539210484, 0x5f5f63695f6c6173745f726567656e65726174657c693a313533393231303231393b6e6f6d657c733a31353a22526f647269676f204564756172646f223b656d61696c7c733a32353a22726f647269676f6564756172646f3940676d61696c2e636f6d223b69647c733a313a2232223b7065726d697373616f7c733a313a2231223b6c6f6761646f7c623a313b),
('iaggal2vkpborqp6dk24atp285vii6tb', '::1', 1539210660, 0x5f5f63695f6c6173745f726567656e65726174657c693a313533393231303536343b6e6f6d657c733a31353a22526f647269676f204564756172646f223b656d61696c7c733a32353a22726f647269676f6564756172646f3940676d61696c2e636f6d223b69647c733a313a2232223b7065726d697373616f7c733a313a2231223b6c6f6761646f7c623a313b),
('jpvot5mtlmo7sjm22rirhnsot2affm6h', '::1', 1539211305, 0x5f5f63695f6c6173745f726567656e65726174657c693a313533393231313139363b6e6f6d657c733a31353a22526f647269676f204564756172646f223b656d61696c7c733a32353a22726f647269676f6564756172646f3940676d61696c2e636f6d223b69647c733a313a2232223b7065726d697373616f7c733a313a2231223b6c6f6761646f7c623a313b),
('1evmckf6g4g051l59gmpmfi20nvqru2i', '::1', 1539294557, 0x5f5f63695f6c6173745f726567656e65726174657c693a313533393239343434393b6e6f6d657c733a31353a22526f647269676f204564756172646f223b656d61696c7c733a32353a22726f647269676f6564756172646f3940676d61696c2e636f6d223b69647c733a313a2232223b7065726d697373616f7c733a313a2231223b6c6f6761646f7c623a313b),
('fpok44pk2tvo4f4oaba186cdpjpqvq81', '::1', 1539295241, 0x5f5f63695f6c6173745f726567656e65726174657c693a313533393239343935313b6e6f6d657c733a31353a22526f647269676f204564756172646f223b656d61696c7c733a32353a22726f647269676f6564756172646f3940676d61696c2e636f6d223b69647c733a313a2232223b7065726d697373616f7c733a313a2231223b6c6f6761646f7c623a313b),
('b4qc42unv3kisda993p1i4np7qrhtapj', '::1', 1539295277, 0x5f5f63695f6c6173745f726567656e65726174657c693a313533393239353235343b6e6f6d657c733a31353a22526f647269676f204564756172646f223b656d61696c7c733a32353a22726f647269676f6564756172646f3940676d61696c2e636f6d223b69647c733a313a2232223b7065726d697373616f7c733a313a2231223b6c6f6761646f7c623a313b),
('sl54j0kdtpa26aelgir8l9ehf9bqjc6q', '::1', 1539295984, 0x5f5f63695f6c6173745f726567656e65726174657c693a313533393239353730323b6e6f6d657c733a31353a22526f647269676f204564756172646f223b656d61696c7c733a32353a22726f647269676f6564756172646f3940676d61696c2e636f6d223b69647c733a313a2232223b7065726d697373616f7c733a313a2231223b6c6f6761646f7c623a313b),
('nofnnm39ts1uqrhro5ojbre63inn59in', '::1', 1539296989, 0x5f5f63695f6c6173745f726567656e65726174657c693a313533393239363730353b6e6f6d657c733a31353a22526f647269676f204564756172646f223b656d61696c7c733a32353a22726f647269676f6564756172646f3940676d61696c2e636f6d223b69647c733a313a2232223b7065726d697373616f7c733a313a2231223b6c6f6761646f7c623a313b),
('kjp2ok8a5cbit9qf0q00m0qiv2iktl5m', '::1', 1539297383, 0x5f5f63695f6c6173745f726567656e65726174657c693a313533393239373130313b6e6f6d657c733a31353a22526f647269676f204564756172646f223b656d61696c7c733a32353a22726f647269676f6564756172646f3940676d61696c2e636f6d223b69647c733a313a2232223b7065726d697373616f7c733a313a2231223b6c6f6761646f7c623a313b),
('uflfc7qvi0p2rci8m86c8t9djpee2d08', '::1', 1539297521, 0x5f5f63695f6c6173745f726567656e65726174657c693a313533393239373435353b6e6f6d657c733a31353a22526f647269676f204564756172646f223b656d61696c7c733a32353a22726f647269676f6564756172646f3940676d61696c2e636f6d223b69647c733a313a2232223b7065726d697373616f7c733a313a2231223b6c6f6761646f7c623a313b),
('3ia6ar91q6ndkvsiqc6jh9lon311go2q', '::1', 1539729135, 0x5f5f63695f6c6173745f726567656e65726174657c693a313533393732393035313b6e6f6d657c733a31353a22526f647269676f204564756172646f223b656d61696c7c733a32353a22726f647269676f6564756172646f3940676d61696c2e636f6d223b69647c733a313a2232223b7065726d697373616f7c733a313a2231223b6c6f6761646f7c623a313b),
('66iv7mggandv9iir1pnvas87j50b9et8', '::1', 1539811706, 0x5f5f63695f6c6173745f726567656e65726174657c693a313533393831313730313b6e6f6d657c733a31353a22526f647269676f204564756172646f223b656d61696c7c733a32353a22726f647269676f6564756172646f3940676d61696c2e636f6d223b69647c733a313a2232223b7065726d697373616f7c733a313a2231223b6c6f6761646f7c623a313b),
('bnk7dioroudjvb4hompmktth2k959m04', '::1', 1539812746, 0x5f5f63695f6c6173745f726567656e65726174657c693a313533393831323436303b6e6f6d657c733a31353a22526f647269676f204564756172646f223b656d61696c7c733a32353a22726f647269676f6564756172646f3940676d61696c2e636f6d223b69647c733a313a2232223b7065726d697373616f7c733a313a2231223b6c6f6761646f7c623a313b),
('9ku26vb0jdrdb1g6r05tesoj90g27cpd', '::1', 1539813084, 0x5f5f63695f6c6173745f726567656e65726174657c693a313533393831323738393b6e6f6d657c733a31353a22526f647269676f204564756172646f223b656d61696c7c733a32353a22726f647269676f6564756172646f3940676d61696c2e636f6d223b69647c733a313a2232223b7065726d697373616f7c733a313a2231223b6c6f6761646f7c623a313b),
('flretmshbvr9urusn49rd2k8ueq0b6fj', '::1', 1539813320, 0x5f5f63695f6c6173745f726567656e65726174657c693a313533393831333039383b6e6f6d657c733a31353a22526f647269676f204564756172646f223b656d61696c7c733a32353a22726f647269676f6564756172646f3940676d61696c2e636f6d223b69647c733a313a2232223b7065726d697373616f7c733a313a2231223b6c6f6761646f7c623a313b),
('6cb00a0v8pk2kk5vajb2rl8ob91q5h3o', '::1', 1539813482, 0x5f5f63695f6c6173745f726567656e65726174657c693a313533393831333434393b6e6f6d657c733a31353a22526f647269676f204564756172646f223b656d61696c7c733a32353a22726f647269676f6564756172646f3940676d61696c2e636f6d223b69647c733a313a2232223b7065726d697373616f7c733a313a2231223b6c6f6761646f7c623a313b),
('0r885jnn7il6jcjacnvi8db94a330d5b', '::1', 1539814179, 0x5f5f63695f6c6173745f726567656e65726174657c693a313533393831333838303b6e6f6d657c733a31353a22526f647269676f204564756172646f223b656d61696c7c733a32353a22726f647269676f6564756172646f3940676d61696c2e636f6d223b69647c733a313a2232223b7065726d697373616f7c733a313a2231223b6c6f6761646f7c623a313b),
('9l2jbad1hjdm2iv7dgvo2flqvkg4togc', '::1', 1539814455, 0x5f5f63695f6c6173745f726567656e65726174657c693a313533393831343233303b6e6f6d657c733a31353a22526f647269676f204564756172646f223b656d61696c7c733a32353a22726f647269676f6564756172646f3940676d61696c2e636f6d223b69647c733a313a2232223b7065726d697373616f7c733a313a2231223b6c6f6761646f7c623a313b),
('fgsskftcm7hlgjao9jdsq5acpshjs4ug', '::1', 1539814643, 0x5f5f63695f6c6173745f726567656e65726174657c693a313533393831343533393b6e6f6d657c733a31353a22526f647269676f204564756172646f223b656d61696c7c733a32353a22726f647269676f6564756172646f3940676d61696c2e636f6d223b69647c733a313a2232223b7065726d697373616f7c733a313a2231223b6c6f6761646f7c623a313b),
('pft2u6i778g1kch97um4c4ps6b12p99n', '::1', 1539815516, 0x5f5f63695f6c6173745f726567656e65726174657c693a313533393831353435373b6e6f6d657c733a31353a22526f647269676f204564756172646f223b656d61696c7c733a32353a22726f647269676f6564756172646f3940676d61696c2e636f6d223b69647c733a313a2232223b7065726d697373616f7c733a313a2231223b6c6f6761646f7c623a313b),
('9a0sm9e7b861s4f21k6bdgmlvrvi9kh0', '::1', 1539823023, 0x5f5f63695f6c6173745f726567656e65726174657c693a313533393832323834363b6e6f6d657c733a31353a22526f647269676f204564756172646f223b656d61696c7c733a32353a22726f647269676f6564756172646f3940676d61696c2e636f6d223b69647c733a313a2232223b7065726d697373616f7c733a313a2231223b6c6f6761646f7c623a313b),
('nsejr89l1irdb859chnnq3m7kn5qavq5', '::1', 1539823499, 0x5f5f63695f6c6173745f726567656e65726174657c693a313533393832333233313b6e6f6d657c733a31353a22526f647269676f204564756172646f223b656d61696c7c733a32353a22726f647269676f6564756172646f3940676d61696c2e636f6d223b69647c733a313a2232223b7065726d697373616f7c733a313a2231223b6c6f6761646f7c623a313b),
('cftvagvrfjpv4apt9ldnpuc1tn83rtj3', '::1', 1539823775, 0x5f5f63695f6c6173745f726567656e65726174657c693a313533393832333537353b6e6f6d657c733a31353a22526f647269676f204564756172646f223b656d61696c7c733a32353a22726f647269676f6564756172646f3940676d61696c2e636f6d223b69647c733a313a2232223b7065726d697373616f7c733a313a2231223b6c6f6761646f7c623a313b),
('u4tfqk4vh6vbfepknt9ahoe8mg146vtj', '::1', 1539895519, 0x5f5f63695f6c6173745f726567656e65726174657c693a313533393839353233343b6e6f6d657c733a31353a22526f647269676f204564756172646f223b656d61696c7c733a32353a22726f647269676f6564756172646f3940676d61696c2e636f6d223b69647c733a313a2232223b7065726d697373616f7c733a313a2231223b6c6f6761646f7c623a313b737563636573737c733a34353a22417320696e666f726d61c3a7c3b5657320666f72616d20616c7465726164617320636f6d207375636573736f2e223b5f5f63695f766172737c613a313a7b733a373a2273756363657373223b733a333a226f6c64223b7d),
('6n9jo2t1k9h25a4ud69p2svbd0ci969o', '::1', 1539895858, 0x5f5f63695f6c6173745f726567656e65726174657c693a313533393839353536313b6e6f6d657c733a31353a22526f647269676f204564756172646f223b656d61696c7c733a32353a22726f647269676f6564756172646f3940676d61696c2e636f6d223b69647c733a313a2232223b7065726d697373616f7c733a313a2231223b6c6f6761646f7c623a313b),
('qaghtsd6fc7ccbbn69la4v6dfhasf89t', '::1', 1539895976, 0x5f5f63695f6c6173745f726567656e65726174657c693a313533393839353930303b6e6f6d657c733a31353a22526f647269676f204564756172646f223b656d61696c7c733a32353a22726f647269676f6564756172646f3940676d61696c2e636f6d223b69647c733a313a2232223b7065726d697373616f7c733a313a2231223b6c6f6761646f7c623a313b),
('lvsma608u71u0suki78kqh0eltkk32kd', '::1', 1539896497, 0x5f5f63695f6c6173745f726567656e65726174657c693a313533393839363234323b6e6f6d657c733a31353a22526f647269676f204564756172646f223b656d61696c7c733a32353a22726f647269676f6564756172646f3940676d61696c2e636f6d223b69647c733a313a2232223b7065726d697373616f7c733a313a2231223b6c6f6761646f7c623a313b),
('snc7v839cmj9l5t9du22lbg1v1ffl1va', '::1', 1539896727, 0x5f5f63695f6c6173745f726567656e65726174657c693a313533393839363538393b6e6f6d657c733a31353a22526f647269676f204564756172646f223b656d61696c7c733a32353a22726f647269676f6564756172646f3940676d61696c2e636f6d223b69647c733a313a2232223b7065726d697373616f7c733a313a2231223b6c6f6761646f7c623a313b),
('e0fr70q52sekum0msljc8c2puokq96r7', '::1', 1539897225, 0x5f5f63695f6c6173745f726567656e65726174657c693a313533393839363934343b6e6f6d657c733a31353a22526f647269676f204564756172646f223b656d61696c7c733a32353a22726f647269676f6564756172646f3940676d61696c2e636f6d223b69647c733a313a2232223b7065726d697373616f7c733a313a2231223b6c6f6761646f7c623a313b),
('vuhs666v2nst80cv54v6fce3nj6ov37j', '::1', 1539897465, 0x5f5f63695f6c6173745f726567656e65726174657c693a313533393839373239363b6e6f6d657c733a31353a22526f647269676f204564756172646f223b656d61696c7c733a32353a22726f647269676f6564756172646f3940676d61696c2e636f6d223b69647c733a313a2232223b7065726d697373616f7c733a313a2231223b6c6f6761646f7c623a313b),
('bsd907t9q3h9ajoa9nfpg3bftn7f7p30', '::1', 1539897908, 0x5f5f63695f6c6173745f726567656e65726174657c693a313533393839373733343b6e6f6d657c733a31353a22526f647269676f204564756172646f223b656d61696c7c733a32353a22726f647269676f6564756172646f3940676d61696c2e636f6d223b69647c733a313a2232223b7065726d697373616f7c733a313a2231223b6c6f6761646f7c623a313b),
('5hmqi02ho9frlqq7b6olngvj8q59i3cs', '::1', 1539898533, 0x5f5f63695f6c6173745f726567656e65726174657c693a313533393839383331343b6e6f6d657c733a31353a22526f647269676f204564756172646f223b656d61696c7c733a32353a22726f647269676f6564756172646f3940676d61696c2e636f6d223b69647c733a313a2232223b7065726d697373616f7c733a313a2231223b6c6f6761646f7c623a313b),
('4lu5bp79n6802ilt2h9m0o0m8onukcgb', '::1', 1539899260, 0x5f5f63695f6c6173745f726567656e65726174657c693a313533393839393235343b6e6f6d657c733a31353a22526f647269676f204564756172646f223b656d61696c7c733a32353a22726f647269676f6564756172646f3940676d61696c2e636f6d223b69647c733a313a2232223b7065726d697373616f7c733a313a2231223b6c6f6761646f7c623a313b),
('8k5rboc2vp0ulrh9a2684kpmg3kutlhl', '::1', 1539900403, 0x5f5f63695f6c6173745f726567656e65726174657c693a313533393930303336343b6e6f6d657c733a31353a22526f647269676f204564756172646f223b656d61696c7c733a32353a22726f647269676f6564756172646f3940676d61696c2e636f6d223b69647c733a313a2232223b7065726d697373616f7c733a313a2231223b6c6f6761646f7c623a313b),
('eoajqn2mrbpfbguv2gifmc8fshuqhkso', '::1', 1539982323, 0x5f5f63695f6c6173745f726567656e65726174657c693a313533393938323332323b),
('ca3bsbegc3g2qu66kk8nufjbo5hpu4c7', '::1', 1543979568, 0x5f5f63695f6c6173745f726567656e65726174657c693a313534333937393531393b6e6f6d657c733a31353a22526f647269676f204564756172646f223b656d61696c7c733a32353a22726f647269676f6564756172646f3940676d61696c2e636f6d223b69647c733a313a2232223b7065726d697373616f7c733a313a2231223b6c6f6761646f7c623a313b),
('4aaa18agd5jfk8foo4gq12ov73if00n7', '::1', 1543980141, 0x5f5f63695f6c6173745f726567656e65726174657c693a313534333937393938383b6e6f6d657c733a31353a22526f647269676f204564756172646f223b656d61696c7c733a32353a22726f647269676f6564756172646f3940676d61696c2e636f6d223b69647c733a313a2232223b7065726d697373616f7c733a313a2231223b6c6f6761646f7c623a313b),
('v10j6ge8hm10n6qdmjou9hr8hnnqend6', '::1', 1543980661, 0x5f5f63695f6c6173745f726567656e65726174657c693a313534333938303338353b6e6f6d657c733a31353a22526f647269676f204564756172646f223b656d61696c7c733a32353a22726f647269676f6564756172646f3940676d61696c2e636f6d223b69647c733a313a2232223b7065726d697373616f7c733a313a2231223b6c6f6761646f7c623a313b),
('br904hl2k7eoh8acjdiigu4sdq8kk4ne', '::1', 1543980787, 0x5f5f63695f6c6173745f726567656e65726174657c693a313534333938303732343b6e6f6d657c733a31353a22526f647269676f204564756172646f223b656d61696c7c733a32353a22726f647269676f6564756172646f3940676d61696c2e636f6d223b69647c733a313a2232223b7065726d697373616f7c733a313a2231223b6c6f6761646f7c623a313b),
('l5lu2f1uu7b5cluuq9737lhf5hltopi1', '::1', 1543981670, 0x5f5f63695f6c6173745f726567656e65726174657c693a313534333938313530383b6e6f6d657c733a31353a22526f647269676f204564756172646f223b656d61696c7c733a32353a22726f647269676f6564756172646f3940676d61696c2e636f6d223b69647c733a313a2232223b7065726d697373616f7c733a313a2231223b6c6f6761646f7c623a313b),
('ecgj60qoo1ssu1pr4oka8hv76eogb6dp', '::1', 1551926419, 0x5f5f63695f6c6173745f726567656e65726174657c693a313535313932363332373b6e6f6d657c733a31353a22526f647269676f204564756172646f223b656d61696c7c733a32353a22726f647269676f6564756172646f3940676d61696c2e636f6d223b69647c733a313a2232223b7065726d697373616f7c733a313a2231223b6c6f6761646f7c623a313b),
('254uuf76eq225ianp8q5lq5qcossdi8b', '::1', 1554776145, 0x5f5f63695f6c6173745f726567656e65726174657c693a313535343737353836353b6e6f6d657c733a31353a22526f647269676f204564756172646f223b656d61696c7c733a32353a22726f647269676f6564756172646f3940676d61696c2e636f6d223b69647c733a313a2232223b7065726d697373616f7c733a313a2231223b6c6f6761646f7c623a313b),
('3jhpcvkvr02qcmkab60t44c5j6im18cd', '::1', 1555120529, 0x5f5f63695f6c6173745f726567656e65726174657c693a313535353132303439383b),
('023b25oe0tibiugf9h1kdske0sr9qqei', '::1', 1555811549, 0x5f5f63695f6c6173745f726567656e65726174657c693a313535353831313333383b6e6f6d657c733a353a2261646d696e223b656d61696c7c733a31353a2261646d696e4061646d696e2e636f6d223b69647c733a313a2231223b657870697261646f7c623a303b7065726d697373616f7c733a313a2231223b6c6f6761646f7c623a313b),
('22ujb9pjup2bcqcb64g2uj2qkehbvs6t', '::1', 1555811951, 0x5f5f63695f6c6173745f726567656e65726174657c693a313535353831313636343b6e6f6d657c733a353a2261646d696e223b656d61696c7c733a31353a2261646d696e4061646d696e2e636f6d223b69647c733a313a2231223b657870697261646f7c623a303b7065726d697373616f7c733a313a2231223b6c6f6761646f7c623a313b),
('emcb7je8tj7okotlg8kik9ijua4v6ggq', '::1', 1555812265, 0x5f5f63695f6c6173745f726567656e65726174657c693a313535353831313936393b6e6f6d657c733a353a2261646d696e223b656d61696c7c733a31353a2261646d696e4061646d696e2e636f6d223b69647c733a313a2231223b657870697261646f7c623a303b7065726d697373616f7c733a313a2231223b6c6f6761646f7c623a313b),
('i0p6pngjird160vnbsf2gmubmfnr2cng', '::1', 1555812627, 0x5f5f63695f6c6173745f726567656e65726174657c693a313535353831323339353b6e6f6d657c733a353a2261646d696e223b656d61696c7c733a31353a2261646d696e4061646d696e2e636f6d223b69647c733a313a2231223b657870697261646f7c623a303b7065726d697373616f7c733a313a2231223b6c6f6761646f7c623a313b),
('4mb5gjh3iokjiq2bcg9o4reb45alpnt3', '::1', 1555814677, 0x5f5f63695f6c6173745f726567656e65726174657c693a313535353831343335333b6e6f6d657c733a353a2261646d696e223b656d61696c7c733a31353a2261646d696e4061646d696e2e636f6d223b69647c733a313a2231223b657870697261646f7c623a303b7065726d697373616f7c733a313a2231223b6c6f6761646f7c623a313b737563636573737c733a32343a224f5320666174757261646120636f6d207375636573736f21223b5f5f63695f766172737c613a313a7b733a373a2273756363657373223b733a333a226e6577223b7d),
('stnl9qvbvi682ocbfc5c992p3msvbpqq', '::1', 1555814677, 0x5f5f63695f6c6173745f726567656e65726174657c693a313535353831343637373b6e6f6d657c733a353a2261646d696e223b656d61696c7c733a31353a2261646d696e4061646d696e2e636f6d223b69647c733a313a2231223b657870697261646f7c623a303b7065726d697373616f7c733a313a2231223b6c6f6761646f7c623a313b737563636573737c733a32343a224f5320666174757261646120636f6d207375636573736f21223b5f5f63695f766172737c613a313a7b733a373a2273756363657373223b733a333a226f6c64223b7d),
('l5n3td7sm73o76trc9ouoeak8vrqsart', '::1', 1555814845, 0x5f5f63695f6c6173745f726567656e65726174657c693a313535353831343637373b6e6f6d657c733a353a2261646d696e223b656d61696c7c733a31353a2261646d696e4061646d696e2e636f6d223b69647c733a313a2231223b657870697261646f7c623a303b7065726d697373616f7c733a313a2231223b6c6f6761646f7c623a313b),
('qgfujvmh0qcp7i3de5v7umg9t24m1a7d', '::1', 1555815259, 0x5f5f63695f6c6173745f726567656e65726174657c693a313535353831353235313b6e6f6d657c733a353a2261646d696e223b656d61696c7c733a31353a2261646d696e4061646d696e2e636f6d223b69647c733a313a2231223b657870697261646f7c623a303b7065726d697373616f7c733a313a2231223b6c6f6761646f7c623a313b),
('bnvj27t9bvbq9dq1vd7c26uqhu25gg5v', '::1', 1555885393, 0x5f5f63695f6c6173745f726567656e65726174657c693a313535353838353332333b6e6f6d657c733a31353a22526f647269676f204564756172646f223b656d61696c7c733a32353a22726f647269676f6564756172646f3940676d61696c2e636f6d223b69647c733a313a2232223b657870697261646f7c623a303b7065726d697373616f7c733a313a2231223b6c6f6761646f7c623a313b),
('2n031skoc4i7skelslatvk0726bfk7so', '::1', 1555886123, 0x5f5f63695f6c6173745f726567656e65726174657c693a313535353838353931393b6e6f6d657c733a31353a22526f647269676f204564756172646f223b656d61696c7c733a32353a22726f647269676f6564756172646f3940676d61696c2e636f6d223b69647c733a313a2232223b657870697261646f7c623a303b7065726d697373616f7c733a313a2231223b6c6f6761646f7c623a313b),
('2fsvnjbas2csrrbcsd5ar0g523lrt41s', '::1', 1555886487, 0x5f5f63695f6c6173745f726567656e65726174657c693a313535353838363234383b6e6f6d657c733a31353a22526f647269676f204564756172646f223b656d61696c7c733a32353a22726f647269676f6564756172646f3940676d61696c2e636f6d223b69647c733a313a2232223b657870697261646f7c623a303b7065726d697373616f7c733a313a2231223b6c6f6761646f7c623a313b),
('2ptuj1l5u8ltob9mtsicvlgttp1t4qs1', '::1', 1555886868, 0x5f5f63695f6c6173745f726567656e65726174657c693a313535353838363833333b6e6f6d657c733a31353a22526f647269676f204564756172646f223b656d61696c7c733a32353a22726f647269676f6564756172646f3940676d61696c2e636f6d223b69647c733a313a2232223b657870697261646f7c623a303b7065726d697373616f7c733a313a2231223b6c6f6761646f7c623a313b737563636573737c733a33313a22446573706573612061646963696f6e61646120636f6d207375636573736f21223b5f5f63695f766172737c613a313a7b733a373a2273756363657373223b733a333a226f6c64223b7d),
('63hvpautkmu3tqq0u82nv4k9er8u69nf', '::1', 1555899575, 0x5f5f63695f6c6173745f726567656e65726174657c693a313535353839393335303b6e6f6d657c733a31353a22526f647269676f204564756172646f223b656d61696c7c733a32353a22726f647269676f6564756172646f3940676d61696c2e636f6d223b69647c733a313a2232223b657870697261646f7c623a303b7065726d697373616f7c733a313a2231223b6c6f6761646f7c623a313b),
('kfkhm504fs16vpai94e2eh2cpk89klt5', '::1', 1555899665, 0x5f5f63695f6c6173745f726567656e65726174657c693a313535353839393635383b6e6f6d657c733a31353a22526f647269676f204564756172646f223b656d61696c7c733a32353a22726f647269676f6564756172646f3940676d61696c2e636f6d223b69647c733a313a2232223b657870697261646f7c623a303b7065726d697373616f7c733a313a2231223b6c6f6761646f7c623a313b),
('n8p6i4ak5qpn2i8d3h382btdt6ip6dm9', '::1', 1556313231, 0x5f5f63695f6c6173745f726567656e65726174657c693a313535363331333133363b6e6f6d657c733a31353a22526f647269676f204564756172646f223b656d61696c7c733a32353a22726f647269676f6564756172646f3940676d61696c2e636f6d223b69647c733a313a2232223b657870697261646f7c623a303b7065726d697373616f7c733a313a2231223b6c6f6761646f7c623a313b737563636573737c733a33333a22506167616d656e746f2061646963696f6e61646f20636f6d207375636573736f21223b5f5f63695f766172737c613a313a7b733a373a2273756363657373223b733a333a226f6c64223b7d),
('nq2qeqj6bi7ci9nig19luovemteq5ilp', '::1', 1556314158, 0x5f5f63695f6c6173745f726567656e65726174657c693a313535363331333837383b6e6f6d657c733a31353a22526f647269676f204564756172646f223b656d61696c7c733a32353a22726f647269676f6564756172646f3940676d61696c2e636f6d223b69647c733a313a2232223b657870697261646f7c623a303b7065726d697373616f7c733a313a2231223b6c6f6761646f7c623a313b),
('c6rmpul6qs2grolooh4l1i6sso39un44', '::1', 1556314468, 0x5f5f63695f6c6173745f726567656e65726174657c693a313535363331343233393b6e6f6d657c733a31353a22526f647269676f204564756172646f223b656d61696c7c733a32353a22726f647269676f6564756172646f3940676d61696c2e636f6d223b69647c733a313a2232223b657870697261646f7c623a303b7065726d697373616f7c733a313a2231223b6c6f6761646f7c623a313b),
('u4jtr1a2972g4n170mb94kgk0869i9ek', '::1', 1556314769, 0x5f5f63695f6c6173745f726567656e65726174657c693a313535363331343534353b6e6f6d657c733a31353a22526f647269676f204564756172646f223b656d61696c7c733a32353a22726f647269676f6564756172646f3940676d61696c2e636f6d223b69647c733a313a2232223b657870697261646f7c623a303b7065726d697373616f7c733a313a2231223b6c6f6761646f7c623a313b),
('k5qlbn8ir75tb7mn78v1jnpq046hn8jm', '::1', 1556315333, 0x5f5f63695f6c6173745f726567656e65726174657c693a313535363331353034383b6e6f6d657c733a31353a22526f647269676f204564756172646f223b656d61696c7c733a32353a22726f647269676f6564756172646f3940676d61696c2e636f6d223b69647c733a313a2232223b657870697261646f7c623a303b7065726d697373616f7c733a313a2231223b6c6f6761646f7c623a313b),
('38ujl2ct69fsgtnir03gf5dn3gjd060v', '::1', 1556315416, 0x5f5f63695f6c6173745f726567656e65726174657c693a313535363331353335343b6e6f6d657c733a31353a22526f647269676f204564756172646f223b656d61696c7c733a32353a22726f647269676f6564756172646f3940676d61696c2e636f6d223b69647c733a313a2232223b657870697261646f7c623a303b7065726d697373616f7c733a313a2231223b6c6f6761646f7c623a313b),
('4pm14rhkc4m1i869lhjp0mirv5n81vq2', '::1', 1556315760, 0x5f5f63695f6c6173745f726567656e65726174657c693a313535363331353636323b6e6f6d657c733a31353a22526f647269676f204564756172646f223b656d61696c7c733a32353a22726f647269676f6564756172646f3940676d61696c2e636f6d223b69647c733a313a2232223b657870697261646f7c623a303b7065726d697373616f7c733a313a2231223b6c6f6761646f7c623a313b),
('lejpem80dk1bkh9d9hq5s4892c7mu41s', '::1', 1556316309, 0x5f5f63695f6c6173745f726567656e65726174657c693a313535363331363232353b6e6f6d657c733a31353a22526f647269676f204564756172646f223b656d61696c7c733a32353a22726f647269676f6564756172646f3940676d61696c2e636f6d223b69647c733a313a2232223b657870697261646f7c623a303b7065726d697373616f7c733a313a2231223b6c6f6761646f7c623a313b),
('qtr0sqpv3k8qtdvc19ua1udbs9nn5jes', '::1', 1556316996, 0x5f5f63695f6c6173745f726567656e65726174657c693a313535363331363833393b6e6f6d657c733a31353a22526f647269676f204564756172646f223b656d61696c7c733a32353a22726f647269676f6564756172646f3940676d61696c2e636f6d223b69647c733a313a2232223b657870697261646f7c623a303b7065726d697373616f7c733a313a2231223b6c6f6761646f7c623a313b),
('au3l5elier7oo4j28atnge1pa3bl5943', '::1', 1556317776, 0x5f5f63695f6c6173745f726567656e65726174657c693a313535363331373535343b6e6f6d657c733a31353a22526f647269676f204564756172646f223b656d61696c7c733a32353a22726f647269676f6564756172646f3940676d61696c2e636f6d223b69647c733a313a2232223b657870697261646f7c623a303b7065726d697373616f7c733a313a2231223b6c6f6761646f7c623a313b),
('s16ch3v3j9vog7ansg0gor47en9tvnkk', '::1', 1556318136, 0x5f5f63695f6c6173745f726567656e65726174657c693a313535363331373836373b6e6f6d657c733a31353a22526f647269676f204564756172646f223b656d61696c7c733a32353a22726f647269676f6564756172646f3940676d61696c2e636f6d223b69647c733a313a2232223b657870697261646f7c623a303b7065726d697373616f7c733a313a2231223b6c6f6761646f7c623a313b),
('tcat7nfun4q2p9l2loit9u6rflqem64p', '::1', 1556328711, 0x5f5f63695f6c6173745f726567656e65726174657c693a313535363332383730333b6e6f6d657c733a31353a22526f647269676f204564756172646f223b656d61696c7c733a32353a22726f647269676f6564756172646f3940676d61696c2e636f6d223b69647c733a313a2232223b657870697261646f7c623a303b7065726d697373616f7c733a313a2231223b6c6f6761646f7c623a313b),
('2i1j7516sfihr7ngag8bqup4nf1qo6nl', '::1', 1556329544, 0x5f5f63695f6c6173745f726567656e65726174657c693a313535363332393335313b6e6f6d657c733a31353a22526f647269676f204564756172646f223b656d61696c7c733a32353a22726f647269676f6564756172646f3940676d61696c2e636f6d223b69647c733a313a2232223b657870697261646f7c623a303b7065726d697373616f7c733a313a2231223b6c6f6761646f7c623a313b),
('cgil1udqj9l3g11rh77rk8ovb79psndo', '::1', 1556381996, 0x5f5f63695f6c6173745f726567656e65726174657c693a313535363338313835373b6e6f6d657c733a31353a22526f647269676f204564756172646f223b656d61696c7c733a32353a22726f647269676f6564756172646f3940676d61696c2e636f6d223b69647c733a313a2232223b657870697261646f7c623a303b7065726d697373616f7c733a313a2231223b6c6f6761646f7c623a313b),
('v011r397sun57ucb2ol24v2cbicpiq51', '::1', 1556403565, 0x5f5f63695f6c6173745f726567656e65726174657c693a313535363430333239333b6e6f6d657c733a31353a22526f647269676f204564756172646f223b656d61696c7c733a32353a22726f647269676f6564756172646f3940676d61696c2e636f6d223b69647c733a313a2232223b657870697261646f7c623a303b7065726d697373616f7c733a313a2231223b6c6f6761646f7c623a313b),
('8orh6jcj16o705acta07bcaqajum6hjf', '::1', 1556503865, 0x5f5f63695f6c6173745f726567656e65726174657c693a313535363530333731343b6e6f6d657c733a31353a22526f647269676f204564756172646f223b656d61696c7c733a32353a22726f647269676f6564756172646f3940676d61696c2e636f6d223b69647c733a313a2232223b657870697261646f7c623a303b7065726d697373616f7c733a313a2231223b6c6f6761646f7c623a313b),
('cv0enha26au8rs3a1jf3hsnsl7h6mksp', '::1', 1556504815, 0x5f5f63695f6c6173745f726567656e65726174657c693a313535363530343732343b6e6f6d657c733a31353a22526f647269676f204564756172646f223b656d61696c7c733a32353a22726f647269676f6564756172646f3940676d61696c2e636f6d223b69647c733a313a2232223b657870697261646f7c623a303b7065726d697373616f7c733a313a2231223b6c6f6761646f7c623a313b737563636573737c733a33333a22506167616d656e746f2061646963696f6e61646f20636f6d207375636573736f21223b5f5f63695f766172737c613a313a7b733a373a2273756363657373223b733a333a226f6c64223b7d),
('jlqs4f08n3j05a9mpdbrn7fg30itj88v', '::1', 1556505468, 0x5f5f63695f6c6173745f726567656e65726174657c693a313535363530353234333b6e6f6d657c733a31353a22526f647269676f204564756172646f223b656d61696c7c733a32353a22726f647269676f6564756172646f3940676d61696c2e636f6d223b69647c733a313a2232223b657870697261646f7c623a303b7065726d697373616f7c733a313a2231223b6c6f6761646f7c623a313b),
('m6gt8hq2kr3q7c15b4taqcild5p3h0or', '::1', 1556505669, 0x5f5f63695f6c6173745f726567656e65726174657c693a313535363530353632313b6e6f6d657c733a31353a22526f647269676f204564756172646f223b656d61696c7c733a32353a22726f647269676f6564756172646f3940676d61696c2e636f6d223b69647c733a313a2232223b657870697261646f7c623a303b7065726d697373616f7c733a313a2231223b6c6f6761646f7c623a313b),
('4l1g21abseu3i6e5sg8kv416ulk6scgq', '::1', 1556506029, 0x5f5f63695f6c6173745f726567656e65726174657c693a313535363530363032343b6e6f6d657c733a31353a22526f647269676f204564756172646f223b656d61696c7c733a32353a22726f647269676f6564756172646f3940676d61696c2e636f6d223b69647c733a313a2232223b657870697261646f7c623a303b7065726d697373616f7c733a313a2231223b6c6f6761646f7c623a313b),
('06cv32np1uataqf8um9g0embvu70q29p', '::1', 1556850655, 0x5f5f63695f6c6173745f726567656e65726174657c693a313535363835303336383b6e6f6d657c733a31353a22526f647269676f204564756172646f223b656d61696c7c733a32353a22726f647269676f6564756172646f3940676d61696c2e636f6d223b69647c733a313a2232223b657870697261646f7c623a303b7065726d697373616f7c733a313a2231223b6c6f6761646f7c623a313b6572726f727c733a35333a224f636f7272657520756d206572726f20616f2074656e74617220636f6e6669726d6172206f20706167616d656e746f2e2065727232223b5f5f63695f766172737c613a313a7b733a353a226572726f72223b733a333a226f6c64223b7d),
('sqhi5c1r434nrkvjr2svono02pg4e3cg', '::1', 1556851005, 0x5f5f63695f6c6173745f726567656e65726174657c693a313535363835303733303b6e6f6d657c733a31353a22526f647269676f204564756172646f223b656d61696c7c733a32353a22726f647269676f6564756172646f3940676d61696c2e636f6d223b69647c733a313a2232223b657870697261646f7c623a303b7065726d697373616f7c733a313a2231223b6c6f6761646f7c623a313b),
('er3l415gs478refd7alq0o3rd1h11scn', '::1', 1556852063, 0x5f5f63695f6c6173745f726567656e65726174657c693a313535363835313736393b6e6f6d657c733a31353a22526f647269676f204564756172646f223b656d61696c7c733a32353a22726f647269676f6564756172646f3940676d61696c2e636f6d223b69647c733a313a2232223b657870697261646f7c623a303b7065726d697373616f7c733a313a2231223b6c6f6761646f7c623a313b),
('u866auas5i59l59ill9vphosfvf6dv5a', '::1', 1556852328, 0x5f5f63695f6c6173745f726567656e65726174657c693a313535363835323038373b6e6f6d657c733a31353a22526f647269676f204564756172646f223b656d61696c7c733a32353a22726f647269676f6564756172646f3940676d61696c2e636f6d223b69647c733a313a2232223b657870697261646f7c623a303b7065726d697373616f7c733a313a2231223b6c6f6761646f7c623a313b),
('m5nnrq0ufm8boroppkh1a8d4crfsvu9g', '::1', 1556852695, 0x5f5f63695f6c6173745f726567656e65726174657c693a313535363835323339383b6e6f6d657c733a31353a22526f647269676f204564756172646f223b656d61696c7c733a32353a22726f647269676f6564756172646f3940676d61696c2e636f6d223b69647c733a313a2232223b657870697261646f7c623a303b7065726d697373616f7c733a313a2231223b6c6f6761646f7c623a313b),
('q8a82rrgo2it15gtthirnc0npmk5jiv8', '::1', 1556852747, 0x5f5f63695f6c6173745f726567656e65726174657c693a313535363835323730343b6e6f6d657c733a31353a22526f647269676f204564756172646f223b656d61696c7c733a32353a22726f647269676f6564756172646f3940676d61696c2e636f6d223b69647c733a313a2232223b657870697261646f7c623a303b7065726d697373616f7c733a313a2231223b6c6f6761646f7c623a313b),
('4o59tu39a0a74a6076aam5295fgie9e1', '::1', 1557267607, 0x5f5f63695f6c6173745f726567656e65726174657c693a313535373236373331303b6e6f6d657c733a31353a22526f647269676f204564756172646f223b656d61696c7c733a32353a22726f647269676f6564756172646f3940676d61696c2e636f6d223b69647c733a313a2232223b657870697261646f7c623a303b7065726d697373616f7c733a313a2231223b6c6f6761646f7c623a313b),
('cqmlhc12vgf3bqoncdbcf2gjo7add9a3', '::1', 1557267722, 0x5f5f63695f6c6173745f726567656e65726174657c693a313535373236373631313b6e6f6d657c733a31353a22526f647269676f204564756172646f223b656d61696c7c733a32353a22726f647269676f6564756172646f3940676d61696c2e636f6d223b69647c733a313a2232223b657870697261646f7c623a303b7065726d697373616f7c733a313a2231223b6c6f6761646f7c623a313b),
('afdv9fpdo4u775hjn0hicfnqvb3fgm9q', '::1', 1557277869, 0x5f5f63695f6c6173745f726567656e65726174657c693a313535373237373630393b6e6f6d657c733a31353a22526f647269676f204564756172646f223b656d61696c7c733a32353a22726f647269676f6564756172646f3940676d61696c2e636f6d223b69647c733a313a2232223b657870697261646f7c623a303b7065726d697373616f7c733a313a2231223b6c6f6761646f7c623a313b),
('gtd1brs44ndrerr8t36ffrtcvgrl5fhk', '::1', 1557278669, 0x5f5f63695f6c6173745f726567656e65726174657c693a313535373237383336393b6e6f6d657c733a31353a22526f647269676f204564756172646f223b656d61696c7c733a32353a22726f647269676f6564756172646f3940676d61696c2e636f6d223b69647c733a313a2232223b657870697261646f7c623a303b7065726d697373616f7c733a313a2231223b6c6f6761646f7c623a313b),
('gbnt92v2f3032qhd2bdm9qn3po1ee2gk', '::1', 1557278997, 0x5f5f63695f6c6173745f726567656e65726174657c693a313535373237383738333b6e6f6d657c733a31353a22526f647269676f204564756172646f223b656d61696c7c733a32353a22726f647269676f6564756172646f3940676d61696c2e636f6d223b69647c733a313a2232223b657870697261646f7c623a303b7065726d697373616f7c733a313a2231223b6c6f6761646f7c623a313b),
('1vib468b6fugh1finndlmicdjefa8gjh', '::1', 1557280425, 0x5f5f63695f6c6173745f726567656e65726174657c693a313535373238303231373b6e6f6d657c733a31353a22526f647269676f204564756172646f223b656d61696c7c733a32353a22726f647269676f6564756172646f3940676d61696c2e636f6d223b69647c733a313a2232223b657870697261646f7c623a303b7065726d697373616f7c733a313a2231223b6c6f6761646f7c623a313b),
('23s0fatnruj6rq5tde4akl91adrn9lsk', '::1', 1557353181, 0x5f5f63695f6c6173745f726567656e65726174657c693a313535373335323935313b6e6f6d657c733a31353a22526f647269676f204564756172646f223b656d61696c7c733a32353a22726f647269676f6564756172646f3940676d61696c2e636f6d223b69647c733a313a2232223b657870697261646f7c623a303b7065726d697373616f7c733a313a2231223b6c6f6761646f7c623a313b),
('i1m5r68qn7amqmcvg6444372bbtoh0h0', '::1', 1557354205, 0x5f5f63695f6c6173745f726567656e65726174657c693a313535373335333932303b6e6f6d657c733a31353a22526f647269676f204564756172646f223b656d61696c7c733a32353a22726f647269676f6564756172646f3940676d61696c2e636f6d223b69647c733a313a2232223b657870697261646f7c623a303b7065726d697373616f7c733a313a2231223b6c6f6761646f7c623a313b),
('k8sejmuq7te8vrhpfeg8p49kucmjh16v', '::1', 1557354665, 0x5f5f63695f6c6173745f726567656e65726174657c693a313535373335343435333b6e6f6d657c733a31353a22526f647269676f204564756172646f223b656d61696c7c733a32353a22726f647269676f6564756172646f3940676d61696c2e636f6d223b69647c733a313a2232223b657870697261646f7c623a303b7065726d697373616f7c733a313a2231223b6c6f6761646f7c623a313b),
('kj4ld66usioe9aar3jg1khf9js4hs2c5', '::1', 1557354897, 0x5f5f63695f6c6173745f726567656e65726174657c693a313535373335343831353b6e6f6d657c733a31353a22526f647269676f204564756172646f223b656d61696c7c733a32353a22726f647269676f6564756172646f3940676d61696c2e636f6d223b69647c733a313a2232223b657870697261646f7c623a303b7065726d697373616f7c733a313a2231223b6c6f6761646f7c623a313b),
('8crjuipv7isbqecquvciof1eemq9392b', '::1', 1557355411, 0x5f5f63695f6c6173745f726567656e65726174657c693a313535373335353230373b6e6f6d657c733a31353a22526f647269676f204564756172646f223b656d61696c7c733a32353a22726f647269676f6564756172646f3940676d61696c2e636f6d223b69647c733a313a2232223b657870697261646f7c623a303b7065726d697373616f7c733a313a2231223b6c6f6761646f7c623a313b),
('uno4vbb0nc21c61kbatt6f3f17ev4tbo', '::1', 1557355645, 0x5f5f63695f6c6173745f726567656e65726174657c693a313535373335353530393b6e6f6d657c733a31353a22526f647269676f204564756172646f223b656d61696c7c733a32353a22726f647269676f6564756172646f3940676d61696c2e636f6d223b69647c733a313a2232223b657870697261646f7c623a303b7065726d697373616f7c733a313a2231223b6c6f6761646f7c623a313b),
('1k5du8sp1bf4911fg8fd7jcqkl7bfc6h', '::1', 1557356062, 0x5f5f63695f6c6173745f726567656e65726174657c693a313535373335353833383b6e6f6d657c733a31353a22526f647269676f204564756172646f223b656d61696c7c733a32353a22726f647269676f6564756172646f3940676d61696c2e636f6d223b69647c733a313a2232223b657870697261646f7c623a303b7065726d697373616f7c733a313a2231223b6c6f6761646f7c623a313b),
('hun2njdotqicj3ec5nva6udioidghjtp', '::1', 1557442542, 0x5f5f63695f6c6173745f726567656e65726174657c693a313535373434323330363b6e6f6d657c733a31353a22526f647269676f204564756172646f223b656d61696c7c733a32353a22726f647269676f6564756172646f3940676d61696c2e636f6d223b69647c733a313a2232223b657870697261646f7c623a303b7065726d697373616f7c733a313a2231223b6c6f6761646f7c623a313b),
('o46sfg8uk219g291sbiia3eogf88b9dk', '::1', 1557442775, 0x5f5f63695f6c6173745f726567656e65726174657c693a313535373434323631393b6e6f6d657c733a31353a22526f647269676f204564756172646f223b656d61696c7c733a32353a22726f647269676f6564756172646f3940676d61696c2e636f6d223b69647c733a313a2232223b657870697261646f7c623a303b7065726d697373616f7c733a313a2231223b6c6f6761646f7c623a313b),
('0ggnm82pjb5762c6uq4c1gj560ool7ev', '::1', 1557452504, 0x5f5f63695f6c6173745f726567656e65726174657c693a313535373435323530343b),
('7f3dear3lv83jealt16vc658ejhtmjuh', '::1', 1557715365, 0x5f5f63695f6c6173745f726567656e65726174657c693a313535373731353234383b6e6f6d657c733a31353a22526f647269676f204564756172646f223b656d61696c7c733a32353a22726f647269676f6564756172646f3940676d61696c2e636f6d223b69647c733a313a2232223b657870697261646f7c623a303b7065726d697373616f7c733a313a2231223b6c6f6761646f7c623a313b),
('a92f33qgesbttg17ev63lake4dl19ih9', '::1', 1557716118, 0x5f5f63695f6c6173745f726567656e65726174657c693a313535373731353832333b6e6f6d657c733a31353a22526f647269676f204564756172646f223b656d61696c7c733a32353a22726f647269676f6564756172646f3940676d61696c2e636f6d223b69647c733a313a2232223b657870697261646f7c623a303b7065726d697373616f7c733a313a2231223b6c6f6761646f7c623a313b);
INSERT INTO `ci_sessions` (`id`, `ip_address`, `timestamp`, `data`) VALUES
('tut27plvc1e2itvuia39g0nohk4ou5cv', '::1', 1557785093, 0x5f5f63695f6c6173745f726567656e65726174657c693a313535373738343832333b6e6f6d657c733a31353a22526f647269676f204564756172646f223b656d61696c7c733a32353a22726f647269676f6564756172646f3940676d61696c2e636f6d223b69647c733a313a2232223b657870697261646f7c623a303b7065726d697373616f7c733a313a2231223b6c6f6761646f7c623a313b),
('00kakfsfjhnkkuk45kl0fnmng61meap7', '::1', 1557785606, 0x5f5f63695f6c6173745f726567656e65726174657c693a313535373738353334353b6e6f6d657c733a31353a22526f647269676f204564756172646f223b656d61696c7c733a32353a22726f647269676f6564756172646f3940676d61696c2e636f6d223b69647c733a313a2232223b657870697261646f7c623a303b7065726d697373616f7c733a313a2231223b6c6f6761646f7c623a313b),
('773m24i8s6r8pbgkj51ri2do0ekkna29', '::1', 1557785884, 0x5f5f63695f6c6173745f726567656e65726174657c693a313535373738353636333b6e6f6d657c733a31353a22526f647269676f204564756172646f223b656d61696c7c733a32353a22726f647269676f6564756172646f3940676d61696c2e636f6d223b69647c733a313a2232223b657870697261646f7c623a303b7065726d697373616f7c733a313a2231223b6c6f6761646f7c623a313b),
('k62eg1n2fld3ec8j1sr046vr6m15nqt8', '::1', 1557786155, 0x5f5f63695f6c6173745f726567656e65726174657c693a313535373738363135353b6e6f6d657c733a31353a22526f647269676f204564756172646f223b656d61696c7c733a32353a22726f647269676f6564756172646f3940676d61696c2e636f6d223b69647c733a313a2232223b657870697261646f7c623a303b7065726d697373616f7c733a313a2231223b6c6f6761646f7c623a313b),
('khqfcbk4fo4uho80v3vm5cvqenrqr8qv', '::1', 1561500416, 0x5f5f63695f6c6173745f726567656e65726174657c693a313536313530303234333b6e6f6d657c733a31353a22526f647269676f204564756172646f223b656d61696c7c733a32353a22726f647269676f6564756172646f3940676d61696c2e636f6d223b69647c733a313a2232223b657870697261646f7c623a303b7065726d697373616f7c733a313a2231223b6c6f6761646f7c623a313b),
('119p672ohjhc0aiuakok6usacs5akus4', '::1', 1561500765, 0x5f5f63695f6c6173745f726567656e65726174657c693a313536313530303732333b6e6f6d657c733a31353a22526f647269676f204564756172646f223b656d61696c7c733a32353a22726f647269676f6564756172646f3940676d61696c2e636f6d223b69647c733a313a2232223b657870697261646f7c623a303b7065726d697373616f7c733a313a2231223b6c6f6761646f7c623a313b),
('d7o34aknc28l8m1dgb9oohpin15aegjn', '::1', 1561502135, 0x5f5f63695f6c6173745f726567656e65726174657c693a313536313530323133303b6e6f6d657c733a353a2261646d696e223b656d61696c7c733a31353a2261646d696e4061646d696e2e636f6d223b69647c733a313a2231223b657870697261646f7c623a303b7065726d697373616f7c733a313a2231223b6c6f6761646f7c623a313b),
('q5fkflrp4ji2fuktq5184k6dhf5e378g', '::1', 1563639052, 0x5f5f63695f6c6173745f726567656e65726174657c693a313536333633383735373b6e6f6d657c733a31353a22526f647269676f204564756172646f223b656d61696c7c733a32353a22726f647269676f6564756172646f3940676d61696c2e636f6d223b69647c733a313a2232223b657870697261646f7c623a303b7065726d697373616f7c733a313a2231223b6c6f6761646f7c623a313b),
('d89hlmjhe9ss9t9mda0nnohtj95k47gc', '::1', 1563639064, 0x5f5f63695f6c6173745f726567656e65726174657c693a313536333633393036343b6e6f6d657c733a31353a22526f647269676f204564756172646f223b656d61696c7c733a32353a22726f647269676f6564756172646f3940676d61696c2e636f6d223b69647c733a313a2232223b657870697261646f7c623a303b7065726d697373616f7c733a313a2231223b6c6f6761646f7c623a313b),
('efkktpelqr0m9l7othkmhvua02oo0ont', '::1', 1563658906, 0x5f5f63695f6c6173745f726567656e65726174657c693a313536333635383631313b6e6f6d657c733a31353a22526f647269676f204564756172646f223b656d61696c7c733a32353a22726f647269676f6564756172646f3940676d61696c2e636f6d223b69647c733a313a2232223b657870697261646f7c623a303b7065726d697373616f7c733a313a2231223b6c6f6761646f7c623a313b),
('ske5o2g0mjm77srdtpn0gu3rlonc4h8i', '::1', 1563658923, 0x5f5f63695f6c6173745f726567656e65726174657c693a313536333635383931323b6e6f6d657c733a31353a22526f647269676f204564756172646f223b656d61696c7c733a32353a22726f647269676f6564756172646f3940676d61696c2e636f6d223b69647c733a313a2232223b657870697261646f7c623a303b7065726d697373616f7c733a313a2231223b6c6f6761646f7c623a313b),
('q7bftbnhg7msdpggd9th651u0c00o9oa', '::1', 1563660074, 0x5f5f63695f6c6173745f726567656e65726174657c693a313536333636303035353b6e6f6d657c733a31353a22526f647269676f204564756172646f223b656d61696c7c733a32353a22726f647269676f6564756172646f3940676d61696c2e636f6d223b69647c733a313a2232223b657870697261646f7c623a303b7065726d697373616f7c733a313a2231223b6c6f6761646f7c623a313b),
('log7frfoa2b9n8i3ngt0c6c7559sutko', '::1', 1563661535, 0x5f5f63695f6c6173745f726567656e65726174657c693a313536333636313433373b6e6f6d657c733a31353a22526f647269676f204564756172646f223b656d61696c7c733a32353a22726f647269676f6564756172646f3940676d61696c2e636f6d223b69647c733a313a2232223b657870697261646f7c623a303b7065726d697373616f7c733a313a2231223b6c6f6761646f7c623a313b),
('0pa09fjmfupbf0l54mihenoii3bo5goj', '::1', 1563662178, 0x5f5f63695f6c6173745f726567656e65726174657c693a313536333636323034373b6e6f6d657c733a31353a22526f647269676f204564756172646f223b656d61696c7c733a32353a22726f647269676f6564756172646f3940676d61696c2e636f6d223b69647c733a313a2232223b657870697261646f7c623a303b7065726d697373616f7c733a313a2231223b6c6f6761646f7c623a313b),
('q0nnptt0a9blniv1v6uvenaanenkkp1i', '::1', 1563662646, 0x5f5f63695f6c6173745f726567656e65726174657c693a313536333636323335373b6e6f6d657c733a31353a22526f647269676f204564756172646f223b656d61696c7c733a32353a22726f647269676f6564756172646f3940676d61696c2e636f6d223b69647c733a313a2232223b657870697261646f7c623a303b7065726d697373616f7c733a313a2231223b6c6f6761646f7c623a313b),
('d8d1ktqfhp2vvfidjmoaph984g6iumuc', '::1', 1563663046, 0x5f5f63695f6c6173745f726567656e65726174657c693a313536333636323738313b6e6f6d657c733a31353a22526f647269676f204564756172646f223b656d61696c7c733a32353a22726f647269676f6564756172646f3940676d61696c2e636f6d223b69647c733a313a2232223b657870697261646f7c623a303b7065726d697373616f7c733a313a2231223b6c6f6761646f7c623a313b),
('3664ment53l9ougr8gboqi8q1ffnlsla', '::1', 1563663263, 0x5f5f63695f6c6173745f726567656e65726174657c693a313536333636333038363b6e6f6d657c733a31353a22526f647269676f204564756172646f223b656d61696c7c733a32353a22726f647269676f6564756172646f3940676d61696c2e636f6d223b69647c733a313a2232223b657870697261646f7c623a303b7065726d697373616f7c733a313a2231223b6c6f6761646f7c623a313b),
('dsnvohbhi7i6u4vij61lv5d5h9eramqo', '::1', 1563664033, 0x5f5f63695f6c6173745f726567656e65726174657c693a313536333636333931393b6e6f6d657c733a31353a22526f647269676f204564756172646f223b656d61696c7c733a32353a22726f647269676f6564756172646f3940676d61696c2e636f6d223b69647c733a313a2232223b657870697261646f7c623a303b7065726d697373616f7c733a313a2231223b6c6f6761646f7c623a313b),
('kalsbbl5d8chbb5ohakt047ctmk7td14', '::1', 1563664441, 0x5f5f63695f6c6173745f726567656e65726174657c693a313536333636343233363b6e6f6d657c733a31353a22526f647269676f204564756172646f223b656d61696c7c733a32353a22726f647269676f6564756172646f3940676d61696c2e636f6d223b69647c733a313a2232223b657870697261646f7c623a303b7065726d697373616f7c733a313a2231223b6c6f6761646f7c623a313b),
('q867hh60eukml3i0rl73f2m6j5i53675', '::1', 1563665835, 0x5f5f63695f6c6173745f726567656e65726174657c693a313536333636353738333b6e6f6d657c733a31353a22526f647269676f204564756172646f223b656d61696c7c733a32353a22726f647269676f6564756172646f3940676d61696c2e636f6d223b69647c733a313a2232223b657870697261646f7c623a303b7065726d697373616f7c733a313a2231223b6c6f6761646f7c623a313b),
('isnje7on85bgf6e7a5h3lj0ji377odf4', '::1', 1563666633, 0x5f5f63695f6c6173745f726567656e65726174657c693a313536333636363134353b6e6f6d657c733a31353a22526f647269676f204564756172646f223b656d61696c7c733a32353a22726f647269676f6564756172646f3940676d61696c2e636f6d223b69647c733a313a2232223b657870697261646f7c623a303b7065726d697373616f7c733a313a2231223b6c6f6761646f7c623a313b),
('obh7hvtneojnblk6m7ejesmjk8a3lkk7', '::1', 1563666647, 0x5f5f63695f6c6173745f726567656e65726174657c693a313536333636363634343b6e6f6d657c733a31353a22526f647269676f204564756172646f223b656d61696c7c733a32353a22726f647269676f6564756172646f3940676d61696c2e636f6d223b69647c733a313a2232223b657870697261646f7c623a303b7065726d697373616f7c733a313a2231223b6c6f6761646f7c623a313b),
('im31qjg4e8eg1j3ojbu610vvpscib322', '::1', 1563666952, 0x5f5f63695f6c6173745f726567656e65726174657c693a313536333636363935323b6e6f6d657c733a31353a22526f647269676f204564756172646f223b656d61696c7c733a32353a22726f647269676f6564756172646f3940676d61696c2e636f6d223b69647c733a313a2232223b657870697261646f7c623a303b7065726d697373616f7c733a313a2231223b6c6f6761646f7c623a313b),
('u1a9i97qqa9uni8808cgld6d481g5dhu', '::1', 1563680278, 0x5f5f63695f6c6173745f726567656e65726174657c693a313536333638303035333b6e6f6d657c733a31353a22526f647269676f204564756172646f223b656d61696c7c733a32353a22726f647269676f6564756172646f3940676d61696c2e636f6d223b69647c733a313a2232223b657870697261646f7c623a303b7065726d697373616f7c733a313a2231223b6c6f6761646f7c623a313b),
('uid7mno1j4o2sg02mge9dr5nt7fomorp', '::1', 1563680473, 0x5f5f63695f6c6173745f726567656e65726174657c693a313536333638303431373b6e6f6d657c733a31353a22526f647269676f204564756172646f223b656d61696c7c733a32353a22726f647269676f6564756172646f3940676d61696c2e636f6d223b69647c733a313a2232223b657870697261646f7c623a303b7065726d697373616f7c733a313a2231223b6c6f6761646f7c623a313b),
('s733d9r1os83of7feicfeoia7lp2831p', '::1', 1563680854, 0x5f5f63695f6c6173745f726567656e65726174657c693a313536333638303835303b6e6f6d657c733a31353a22526f647269676f204564756172646f223b656d61696c7c733a32353a22726f647269676f6564756172646f3940676d61696c2e636f6d223b69647c733a313a2232223b657870697261646f7c623a303b7065726d697373616f7c733a313a2231223b6c6f6761646f7c623a313b),
('nr5l1k8aaarjtcbehammgqc61p7d3mqb', '::1', 1563681178, 0x5f5f63695f6c6173745f726567656e65726174657c693a313536333638313137303b6e6f6d657c733a31353a22526f647269676f204564756172646f223b656d61696c7c733a32353a22726f647269676f6564756172646f3940676d61696c2e636f6d223b69647c733a313a2232223b657870697261646f7c623a303b7065726d697373616f7c733a313a2231223b6c6f6761646f7c623a313b),
('790gl9bfpd084tnsn69hv1pjv50vaffu', '::1', 1563728484, 0x5f5f63695f6c6173745f726567656e65726174657c693a313536333732383237303b6e6f6d657c733a31353a22526f647269676f204564756172646f223b656d61696c7c733a32353a22726f647269676f6564756172646f3940676d61696c2e636f6d223b69647c733a313a2232223b657870697261646f7c623a303b7065726d697373616f7c733a313a2231223b6c6f6761646f7c623a313b),
('213p5lvs86c6usos1h4mrhcmuulrnr8r', '::1', 1563746237, 0x5f5f63695f6c6173745f726567656e65726174657c693a313536333734353933393b6e6f6d657c733a31353a22526f647269676f204564756172646f223b656d61696c7c733a32353a22726f647269676f6564756172646f3940676d61696c2e636f6d223b69647c733a313a2232223b657870697261646f7c623a303b7065726d697373616f7c733a313a2231223b6c6f6761646f7c623a313b),
('lfltett4a59mesn34h89vtmd6c6shpon', '::1', 1563746615, 0x5f5f63695f6c6173745f726567656e65726174657c693a313536333734363331393b6e6f6d657c733a31353a22526f647269676f204564756172646f223b656d61696c7c733a32353a22726f647269676f6564756172646f3940676d61696c2e636f6d223b69647c733a313a2232223b657870697261646f7c623a303b7065726d697373616f7c733a313a2231223b6c6f6761646f7c623a313b),
('tn73cdejf5hfrqa2obhfgmgrtp4eaqdt', '::1', 1563746769, 0x5f5f63695f6c6173745f726567656e65726174657c693a313536333734363731303b6e6f6d657c733a31353a22526f647269676f204564756172646f223b656d61696c7c733a32353a22726f647269676f6564756172646f3940676d61696c2e636f6d223b69647c733a313a2232223b657870697261646f7c623a303b7065726d697373616f7c733a313a2231223b6c6f6761646f7c623a313b),
('ntnig73s9vcmd4qh3urmvptcg3f5016d', '::1', 1563747958, 0x5f5f63695f6c6173745f726567656e65726174657c693a313536333734373639343b6e6f6d657c733a31353a22526f647269676f204564756172646f223b656d61696c7c733a32353a22726f647269676f6564756172646f3940676d61696c2e636f6d223b69647c733a313a2232223b657870697261646f7c623a303b7065726d697373616f7c733a313a2231223b6c6f6761646f7c623a313b),
('60nkl70vah02frm8ju4v0705qgenn6pi', '::1', 1563748347, 0x5f5f63695f6c6173745f726567656e65726174657c693a313536333734383132343b6e6f6d657c733a31353a22526f647269676f204564756172646f223b656d61696c7c733a32353a22726f647269676f6564756172646f3940676d61696c2e636f6d223b69647c733a313a2232223b657870697261646f7c623a303b7065726d697373616f7c733a313a2231223b6c6f6761646f7c623a313b),
('bt8hdahr9ouqopmvljg4jo7d2im8ogvh', '::1', 1563748429, 0x5f5f63695f6c6173745f726567656e65726174657c693a313536333734383432393b6e6f6d657c733a31353a22526f647269676f204564756172646f223b656d61696c7c733a32353a22726f647269676f6564756172646f3940676d61696c2e636f6d223b69647c733a313a2232223b657870697261646f7c623a303b7065726d697373616f7c733a313a2231223b6c6f6761646f7c623a313b),
('8t5joldd7g0gqm684971as9i44n20rb8', '::1', 1564283131, 0x5f5f63695f6c6173745f726567656e65726174657c693a313536343238333132353b6e6f6d657c733a31353a22526f647269676f204564756172646f223b656d61696c7c733a32353a22726f647269676f6564756172646f3940676d61696c2e636f6d223b69647c733a313a2232223b657870697261646f7c623a303b7065726d697373616f7c733a313a2231223b6c6f6761646f7c623a313b),
('6vm2lc242ta2d12ih6qv0cn0246iv245', '::1', 1564698425, 0x5f5f63695f6c6173745f726567656e65726174657c693a313536343639383338383b6e6f6d657c733a31353a22526f647269676f204564756172646f223b656d61696c7c733a32353a22726f647269676f6564756172646f3940676d61696c2e636f6d223b69647c733a313a2232223b657870697261646f7c623a303b7065726d697373616f7c733a313a2231223b6c6f6761646f7c623a313b),
('8naknnfgq7258o7oco0fnuv84bepoirt', '::1', 1564780032, 0x5f5f63695f6c6173745f726567656e65726174657c693a313536343738303030393b6e6f6d657c733a31353a22526f647269676f204564756172646f223b656d61696c7c733a32353a22726f647269676f6564756172646f3940676d61696c2e636f6d223b69647c733a313a2232223b657870697261646f7c623a303b7065726d697373616f7c733a313a2231223b6c6f6761646f7c623a313b),
('a9rnhj2rn50bcft4jmeq5uusn0hq1jvt', '::1', 1565303820, 0x5f5f63695f6c6173745f726567656e65726174657c693a313536353330333831363b6e6f6d657c733a31353a22526f647269676f204564756172646f223b656d61696c7c733a32353a22726f647269676f6564756172646f3940676d61696c2e636f6d223b69647c733a313a2232223b657870697261646f7c623a303b7065726d697373616f7c733a313a2231223b6c6f6761646f7c623a313b),
('h2t6pkc2t3mj32crkm0f004sacg13lpv', '::1', 1565304257, 0x5f5f63695f6c6173745f726567656e65726174657c693a313536353330343136303b6e6f6d657c733a31353a22526f647269676f204564756172646f223b656d61696c7c733a32353a22726f647269676f6564756172646f3940676d61696c2e636f6d223b69647c733a313a2232223b657870697261646f7c623a303b7065726d697373616f7c733a313a2231223b6c6f6761646f7c623a313b),
('i9of2ar9hlj9lmd3f5aub20tsb981t72', '::1', 1565495977, 0x5f5f63695f6c6173745f726567656e65726174657c693a313536353439353837343b6e6f6d657c733a31353a22526f647269676f204564756172646f223b656d61696c7c733a32353a22726f647269676f6564756172646f3940676d61696c2e636f6d223b69647c733a313a2232223b657870697261646f7c623a303b7065726d697373616f7c733a313a2231223b6c6f6761646f7c623a313b),
('s7m6ifpu5blhdb7hhbg7merbk8m1u55v', '::1', 1565496891, 0x5f5f63695f6c6173745f726567656e65726174657c693a313536353439363538323b6e6f6d657c733a31353a22526f647269676f204564756172646f223b656d61696c7c733a32353a22726f647269676f6564756172646f3940676d61696c2e636f6d223b69647c733a313a2232223b657870697261646f7c623a303b7065726d697373616f7c733a313a2231223b6c6f6761646f7c623a313b),
('9f69oecgu9rlslt90eb46me42knpljrq', '::1', 1565496985, 0x5f5f63695f6c6173745f726567656e65726174657c693a313536353439363931393b6e6f6d657c733a31353a22526f647269676f204564756172646f223b656d61696c7c733a32353a22726f647269676f6564756172646f3940676d61696c2e636f6d223b69647c733a313a2232223b657870697261646f7c623a303b7065726d697373616f7c733a313a2231223b6c6f6761646f7c623a313b),
('1ht8jbi2gdmm04s5dc5lml8s6pa2e7sq', '127.0.0.1', 1565565159, 0x5f5f63695f6c6173745f726567656e65726174657c693a313536353536343837303b6e6f6d657c733a31353a22526f647269676f204564756172646f223b656d61696c7c733a32353a22726f647269676f6564756172646f3940676d61696c2e636f6d223b69647c733a313a2232223b657870697261646f7c623a303b7065726d697373616f7c733a313a2231223b6c6f6761646f7c623a313b),
('6o8up9p45sl236mhspfd8dcji9safptc', '::1', 1565565285, 0x5f5f63695f6c6173745f726567656e65726174657c693a313536353536353137363b6e6f6d657c733a31353a22526f647269676f204564756172646f223b656d61696c7c733a32353a22726f647269676f6564756172646f3940676d61696c2e636f6d223b69647c733a313a2232223b657870697261646f7c623a303b7065726d697373616f7c733a313a2231223b6c6f6761646f7c623a313b);

-- --------------------------------------------------------

--
-- Estrutura da tabela `clientes`
--

CREATE TABLE `clientes` (
  `idClientes` int(11) NOT NULL,
  `nomeCliente` varchar(255) NOT NULL,
  `documento` varchar(20) NOT NULL,
  `telefone` varchar(20) NOT NULL,
  `celular` varchar(20) DEFAULT NULL,
  `email` varchar(100) NOT NULL,
  `dataCadastro` date DEFAULT NULL,
  `rua` varchar(70) DEFAULT NULL,
  `numero` varchar(15) DEFAULT NULL,
  `bairro` varchar(45) DEFAULT NULL,
  `cidade` varchar(45) DEFAULT NULL,
  `estado` varchar(20) DEFAULT NULL,
  `cep` varchar(20) DEFAULT NULL
) ENGINE=InnoDB DEFAULT CHARSET=latin1;

--
-- Extraindo dados da tabela `clientes`
--

INSERT INTO `clientes` (`idClientes`, `nomeCliente`, `documento`, `telefone`, `celular`, `email`, `dataCadastro`, `rua`, `numero`, `bairro`, `cidade`, `estado`, `cep`) VALUES
(1, 'Patricia veiga', '059.582.604-05', '(82)3325-6928', '', 'asd@as.com', '2017-08-26', 'n', 'n', 'n', 'Paulo Jacinto', 'Alagoas', '57036-000'),
(2, 'Davi Paulo Jacinto', '000000000', '00000000', '', 'asd@as.com', '2017-08-27', 'as', 'as', 'as', 'Paulo Jacinto', 'Alagoas', '57036-000'),
(3, 'Kelline Oliveira', '0000000000', '000000000', '000000000', '000@asd.com', '2017-08-30', '0', '0', '0', 'Paulo Jacinto', 'AL', '57036-000'),
(4, 'Madalena', '0000', '000', '', 'teste@teste.com.br', '2017-08-30', '00', '0', '0', 'Paulo Jacinto', 'AL', '57036-000'),
(5, 'Paulo Sergio', '0', '0', '0', 'asd@asd.com', '2017-09-07', 'a', '0', 'a', 'Paulo Jacinto', 'Alagoas', '57036-000'),
(6, 'Maiana Canuto', '0', '0', '', '000@asd.com', '2017-09-21', '0', '0', '0', 'Maceio', 'AL', '0'),
(7, 'Thiago canuto', '0', '0', '', 'asd@as.com', '2017-09-27', '0', '0', '0', 'Maceió', 'AL', '57036-000'),
(8, 'Rafael Borges', '0', '99666-2770', '', '000@asd.com', '2017-09-27', '0', '0', '0', 'Maceio', 'Alagoas', '57036-000'),
(9, 'teste123', '', '', '', '', '2018-03-20', '', '', '', '', '', ''),
(101, 'teste', '', '', '(82)99117-0290', 's@s.com', '2018-05-11', 's', 's', 's', 's', 's', ''),
(103, 'Mercado teste teste', '', '', '', '', '2018-05-14', 'asdasdasd', '', '', '', '', ''),
(104, 'teste forms', '', '', '', '', '2018-05-14', '', '', '', '', '', '');

-- --------------------------------------------------------

--
-- Estrutura da tabela `compras`
--

CREATE TABLE `compras` (
  `idCompra` int(11) NOT NULL,
  `fornecedor_id` int(11) NOT NULL,
  `dataEmissao` date NOT NULL,
  `situacao` tinyint(1) NOT NULL,
  `nrNfe` int(11) DEFAULT NULL,
  `valorTotal` int(11) NOT NULL
) ENGINE=InnoDB DEFAULT CHARSET=latin1;

--
-- Extraindo dados da tabela `compras`
--

INSERT INTO `compras` (`idCompra`, `fornecedor_id`, `dataEmissao`, `situacao`, `nrNfe`, `valorTotal`) VALUES
(1, 0, '0000-00-00', 0, NULL, 0),
(2, 0, '0000-00-00', 0, NULL, 0),
(3, 0, '0000-00-00', 0, NULL, 0),
(4, 0, '0000-00-00', 0, NULL, 0),
(5, 0, '0000-00-00', 0, 0, 0),
(6, 0, '0000-00-00', 0, 0, 0),
(7, 2, '0000-00-00', 0, 0, 0),
(8, 1, '0000-00-00', 0, 0, 0),
(9, 2, '0000-00-00', 0, 0, 0),
(10, 2, '2019-07-21', 0, 0, 0);

-- --------------------------------------------------------

--
-- Estrutura da tabela `documentos`
--

CREATE TABLE `documentos` (
  `idDocumentos` int(11) NOT NULL,
  `documento` varchar(70) DEFAULT NULL,
  `descricao` text,
  `file` varchar(100) DEFAULT NULL,
  `path` varchar(300) DEFAULT NULL,
  `url` varchar(300) DEFAULT NULL,
  `cadastro` date DEFAULT NULL,
  `categoria` varchar(80) DEFAULT NULL,
  `tipo` varchar(15) DEFAULT NULL,
  `tamanho` varchar(45) DEFAULT NULL
) ENGINE=InnoDB DEFAULT CHARSET=latin1;

-- --------------------------------------------------------

--
-- Estrutura da tabela `emitente`
--

CREATE TABLE `emitente` (
  `id` int(11) NOT NULL,
  `nome` varchar(255) DEFAULT NULL,
  `cnpj` varchar(45) DEFAULT NULL,
  `ie` varchar(50) DEFAULT NULL,
  `rua` varchar(70) DEFAULT NULL,
  `numero` varchar(15) DEFAULT NULL,
  `bairro` varchar(45) DEFAULT NULL,
  `cidade` varchar(45) DEFAULT NULL,
  `uf` varchar(20) DEFAULT NULL,
  `telefone` varchar(20) DEFAULT NULL,
  `email` varchar(255) DEFAULT NULL,
  `url_logo` varchar(225) DEFAULT NULL
) ENGINE=InnoDB DEFAULT CHARSET=latin1;

--
-- Extraindo dados da tabela `emitente`
--

INSERT INTO `emitente` (`id`, `nome`, `cnpj`, `ie`, `rua`, `numero`, `bairro`, `cidade`, `uf`, `telefone`, `email`, `url_logo`) VALUES
(1, 'InfoTech', '20458594000196', '244087946', 'R. coronel Alcides', '169', 'Jatiuca', 'Maceió', 'AL', '82996550234', 'rodrigoeduardo9@gmail.com', 'http://localhost:8080/mapos-master/assets/uploads/5b1477e1744a063f1ad2db6d78ee60b9.jpg');

-- --------------------------------------------------------

--
-- Estrutura da tabela `equipamentos`
--

CREATE TABLE `equipamentos` (
  `idEquipamentos` int(11) NOT NULL,
  `equipamento` varchar(150) NOT NULL,
  `num_serie` varchar(80) DEFAULT NULL,
  `modelo` varchar(80) DEFAULT NULL,
  `cor` varchar(45) DEFAULT NULL,
  `descricao` varchar(150) DEFAULT NULL,
  `tensao` varchar(45) DEFAULT NULL,
  `potencia` varchar(45) DEFAULT NULL,
  `voltagem` varchar(45) DEFAULT NULL,
  `data_fabricacao` date DEFAULT NULL,
  `marcas_id` int(11) DEFAULT NULL,
  `clientes_id` int(11) DEFAULT NULL,
  `cadastro` date NOT NULL,
  `situacao` int(11) NOT NULL
) ENGINE=InnoDB DEFAULT CHARSET=latin1;

--
-- Extraindo dados da tabela `equipamentos`
--

INSERT INTO `equipamentos` (`idEquipamentos`, `equipamento`, `num_serie`, `modelo`, `cor`, `descricao`, `tensao`, `potencia`, `voltagem`, `data_fabricacao`, `marcas_id`, `clientes_id`, `cadastro`, `situacao`) VALUES
(1, 'Celular', NULL, NULL, NULL, NULL, NULL, NULL, NULL, NULL, NULL, NULL, '2018-09-24', 0),
(3, 'Tablet', NULL, NULL, NULL, NULL, NULL, NULL, NULL, NULL, NULL, NULL, '2018-09-24', 0),
(4, 'Notebook', NULL, NULL, NULL, NULL, NULL, NULL, NULL, NULL, NULL, NULL, '2018-09-24', 0);

-- --------------------------------------------------------

--
-- Estrutura da tabela `equipamentos_os`
--

CREATE TABLE `equipamentos_os` (
  `idEquipamentos_os` int(11) NOT NULL,
  `defeito_declarado` varchar(200) DEFAULT NULL,
  `defeito_encontrado` varchar(200) DEFAULT NULL,
  `solucao` varchar(45) DEFAULT NULL,
  `equipamentos_id` int(11) DEFAULT NULL,
  `os_id` int(11) DEFAULT NULL
) ENGINE=InnoDB DEFAULT CHARSET=latin1;

-- --------------------------------------------------------

--
-- Estrutura da tabela `fornecedores`
--

CREATE TABLE `fornecedores` (
  `idFornecedor` int(11) NOT NULL,
  `nomeFornecedor` varchar(255) NOT NULL,
  `cnpj` varchar(50) NOT NULL,
  `inscricaoEstadual` varchar(20) NOT NULL,
  `inscricaoMunicipal` varchar(20) NOT NULL,
  `responsavel` varchar(100) NOT NULL,
  `telefone` varchar(20) NOT NULL,
  `celular` varchar(20) NOT NULL,
  `email` varchar(100) NOT NULL,
  `rua` varchar(255) NOT NULL,
  `numero` varchar(100) NOT NULL,
  `bairro` varchar(100) NOT NULL,
  `cidade` varchar(100) NOT NULL,
  `estado` varchar(50) NOT NULL,
  `cep` varchar(200) NOT NULL,
  `dataCadastro` date NOT NULL,
  `usuarioCadastro` varchar(100) NOT NULL
) ENGINE=InnoDB DEFAULT CHARSET=latin1;

--
-- Extraindo dados da tabela `fornecedores`
--

INSERT INTO `fornecedores` (`idFornecedor`, `nomeFornecedor`, `cnpj`, `inscricaoEstadual`, `inscricaoMunicipal`, `responsavel`, `telefone`, `celular`, `email`, `rua`, `numero`, `bairro`, `cidade`, `estado`, `cep`, `dataCadastro`, `usuarioCadastro`) VALUES
(1, 'Edson Cell', '', '', '', '', '', '', '', '', '', '', '', '', '', '2019-04-21', '2'),
(2, 'TelaCell', '', '', '', '', '', '', '', '', '', '', '', '', '', '2019-04-21', '2');

-- --------------------------------------------------------

--
-- Estrutura da tabela `itens_de_vendas`
--

CREATE TABLE `itens_de_vendas` (
  `idItens` int(11) NOT NULL,
  `subTotal` varchar(45) DEFAULT NULL,
  `quantidade` int(11) DEFAULT NULL,
  `vendas_id` int(11) NOT NULL,
  `produtos_id` int(11) NOT NULL
) ENGINE=InnoDB DEFAULT CHARSET=latin1;

-- --------------------------------------------------------

--
-- Estrutura da tabela `lancamentos`
--

CREATE TABLE `lancamentos` (
  `idLancamentos` int(11) NOT NULL,
  `descricao` varchar(255) DEFAULT NULL,
  `valor` decimal(12,2) NOT NULL,
  `data_vencimento` date NOT NULL,
  `data_pagamento` date DEFAULT NULL,
  `baixado` tinyint(1) DEFAULT '0',
  `cliente_fornecedor` varchar(255) DEFAULT NULL,
  `forma_pgto` varchar(100) DEFAULT NULL,
  `tipo` varchar(45) DEFAULT NULL,
  `anexo` varchar(250) DEFAULT NULL,
  `clientes_id` int(11) DEFAULT NULL,
  `vendas_id` int(11) DEFAULT NULL,
  `os_id` int(11) NOT NULL,
  `tipo_pgto` varchar(50) NOT NULL,
  `fornecedor_id` int(11) NOT NULL
) ENGINE=InnoDB DEFAULT CHARSET=latin1;

--
-- Extraindo dados da tabela `lancamentos`
--

INSERT INTO `lancamentos` (`idLancamentos`, `descricao`, `valor`, `data_vencimento`, `data_pagamento`, `baixado`, `cliente_fornecedor`, `forma_pgto`, `tipo`, `anexo`, `clientes_id`, `vendas_id`, `os_id`, `tipo_pgto`, `fornecedor_id`) VALUES
(1, 'Fatura de Venda - #1', '130.00', '2017-09-01', '0000-00-00', 1, 'Patricia veiga', 'Dinheiro', 'receita', NULL, 1, NULL, 0, '', 0),
(2, 'Fatura de Venda - #5', '160.00', '2017-09-01', '2017-09-01', 1, 'Kelline Oliveira', 'Dinheiro', 'receita', NULL, 3, NULL, 0, '', 0),
(3, 'Fatura de Venda - #4', '80.00', '2017-09-01', '2019-04-08', 1, 'Madalena', 'Dinheiro', 'receita', NULL, 4, NULL, 0, '', 0),
(4, 'teste', '50.00', '2018-03-20', '2018-03-20', 1, '123', 'Dinheiro', 'despesa', NULL, NULL, NULL, 0, '', 0),
(5, 'Fatura de Venda - #10', '80.00', '2018-03-27', '2018-03-27', 1, 'teste123', 'Dinheiro', 'receita', NULL, 9, NULL, 0, '', 0),
(6, 'Fatura de Venda - #17', '80.00', '2018-05-23', '2018-05-23', 1, 'teste123', 'Dinheiro', 'receita', NULL, 9, NULL, 0, '', 0),
(7, 'Fatura de Venda - #12', '90.00', '2018-05-24', '2018-05-24', 1, 'teste', 'Dinheiro', 'receita', NULL, 101, NULL, 0, '', 0),
(8, 'teste', '51.00', '2018-05-24', '2018-05-24', 1, 'teste', 'Dinheiro', 'despesa', NULL, NULL, NULL, 0, '', 0),
(9, 'tetete', '12.51', '2018-05-24', '2018-05-24', 1, 'teste', 'Dinheiro', 'receita', NULL, NULL, NULL, 0, '', 0),
(10, 'asd', '1600.00', '2018-06-01', '2018-06-01', 1, 'asd', 'Dinheiro', 'receita', NULL, NULL, NULL, 0, '', 0),
(11, 'asd', '60.00', '2018-04-19', '2018-04-19', 1, 'asd', 'Dinheiro', 'despesa', NULL, NULL, NULL, 0, '', 0),
(12, 'asd', '1800.01', '2018-03-14', '2018-03-14', 1, 'asd', 'Dinheiro', 'receita', NULL, NULL, NULL, 0, '', 0),
(13, 'asd', '1354.00', '2018-01-17', '2018-01-17', 1, 'asd', 'Dinheiro', 'receita', NULL, NULL, NULL, 0, '', 0),
(15, 'Fatura de O.S - #18', '120.00', '2019-04-20', NULL, 0, 'teste', 'Dinheiro', 'receita', NULL, 101, NULL, 18, 'parcelado', 0),
(16, 'Fatura de O.S - #15', '239.00', '2019-04-20', NULL, 0, 'teste', 'Dinheiro', 'receita', NULL, 101, NULL, 15, 'parcelado', 0),
(17, 'Fatura de O.S - #19', '10.00', '2019-04-20', NULL, 0, 'teste123', 'Dinheiro', 'receita', NULL, 9, NULL, 19, 'parcelado', 0),
(18, 'teste', '50.00', '2019-04-21', '2019-04-21', 1, 'teste', 'Dinheiro', 'despesa', NULL, NULL, NULL, 0, '', 0),
(19, 'teste 123123', '150.00', '2019-04-26', '2019-04-26', 1, NULL, 'Dinheiro', 'despesa', NULL, NULL, NULL, 0, '', 1),
(20, 'asdasdasd', '100.00', '2019-04-29', '2019-05-02', 1, NULL, 'Dinheiro', 'despesa', NULL, NULL, NULL, 0, '', 0),
(21, 'daadssdsads', '22.00', '2019-04-29', '2019-05-07', 1, NULL, 'Dinheiro', 'despesa', NULL, NULL, NULL, 0, '', 0),
(22, 'asdasd', '10.00', '2019-04-28', '2019-05-13', 1, NULL, 'Dinheiro', 'despesa', NULL, NULL, NULL, 0, '', 0),
(23, 'Fatura de O.S - #20', '9.00', '2019-05-13', NULL, 0, 'teste123', 'Dinheiro', 'receita', NULL, 9, NULL, 20, 'avista', 0),
(24, 'asdasdasd', '10.00', '2019-05-13', '2019-06-25', 1, NULL, 'Dinheiro', 'despesa', NULL, NULL, NULL, 0, '', 0),
(25, 'repasse funcionario', '60.00', '2019-08-11', '2019-08-11', 1, NULL, 'Dinheiro', 'despesa', NULL, NULL, NULL, 0, '', 0);

-- --------------------------------------------------------

--
-- Estrutura da tabela `marcas`
--

CREATE TABLE `marcas` (
  `idMarcas` int(11) NOT NULL,
  `marca` varchar(100) DEFAULT NULL,
  `cadastro` date DEFAULT NULL,
  `situacao` tinyint(1) DEFAULT NULL
) ENGINE=InnoDB DEFAULT CHARSET=latin1;

--
-- Extraindo dados da tabela `marcas`
--

INSERT INTO `marcas` (`idMarcas`, `marca`, `cadastro`, `situacao`) VALUES
(2, 'LG', '2018-09-10', 0),
(3, 'Apple', '2018-09-10', 0),
(5, 'Samsung', '2018-09-28', 0),
(6, 'Positivo', '2018-09-28', 0),
(7, 'Motorola', '2018-09-28', 0);

-- --------------------------------------------------------

--
-- Estrutura da tabela `modelos`
--

CREATE TABLE `modelos` (
  `idModelos` int(11) NOT NULL,
  `modelos` varchar(255) NOT NULL,
  `cadastro` date NOT NULL,
  `situacao` tinyint(1) NOT NULL,
  `marcas_id` int(11) NOT NULL
) ENGINE=InnoDB DEFAULT CHARSET=latin1;

--
-- Extraindo dados da tabela `modelos`
--

INSERT INTO `modelos` (`idModelos`, `modelos`, `cadastro`, `situacao`, `marcas_id`) VALUES
(2, 'Iphone 5s', '0000-00-00', 0, 3),
(4, 'Iphone 6s', '0000-00-00', 0, 3),
(5, 'Moto G4 Plus', '2018-09-28', 0, 7),
(6, 'Iphone 5', '2018-10-06', 0, 3),
(7, 'Iphone 4', '2018-10-06', 0, 3),
(8, 'Iphone 4s', '2018-10-06', 0, 3),
(9, 'Iphone 6', '2018-10-06', 0, 3),
(10, 'Moto G1', '2018-10-06', 0, 7),
(11, 'Moto G2', '2018-10-06', 0, 7),
(12, 'Moto G3', '2018-10-06', 0, 7);

-- --------------------------------------------------------

--
-- Estrutura da tabela `os`
--

CREATE TABLE `os` (
  `idOs` int(11) NOT NULL,
  `dataInicial` date DEFAULT NULL,
  `dataFinal` date DEFAULT NULL,
  `garantia` varchar(45) DEFAULT NULL,
  `descricaoProduto` text,
  `defeito` text,
  `status` varchar(45) DEFAULT NULL,
  `observacoes` text,
  `laudoTecnico` text,
  `valorTotal` varchar(15) DEFAULT NULL,
  `clientes_id` int(11) NOT NULL,
  `usuarios_id` int(11) NOT NULL,
  `marcas_id` int(11) DEFAULT NULL,
  `equipamentos_id` int(11) DEFAULT NULL,
  `modelos_id` int(11) DEFAULT NULL,
  `lancamento` int(11) DEFAULT NULL,
  `faturado` tinyint(1) NOT NULL,
  `nr_serie` varchar(50) NOT NULL
) ENGINE=InnoDB DEFAULT CHARSET=latin1;

--
-- Extraindo dados da tabela `os`
--

INSERT INTO `os` (`idOs`, `dataInicial`, `dataFinal`, `garantia`, `descricaoProduto`, `defeito`, `status`, `observacoes`, `laudoTecnico`, `valorTotal`, `clientes_id`, `usuarios_id`, `marcas_id`, `equipamentos_id`, `modelos_id`, `lancamento`, `faturado`, `nr_serie`) VALUES
(1, '2017-08-26', '2017-08-26', '', 'Troca de Tela LG - K430TV', 'Tela Quebrada, Aparelho não liga', 'Finalizado', '', '', '130.00', 1, 2, NULL, NULL, NULL, NULL, 1, ''),
(2, '2017-08-27', '2017-08-27', '', 'LG-D175f', 'Celular Não Liga', 'Finalizado', '', '', NULL, 2, 2, NULL, NULL, NULL, NULL, 0, ''),
(3, '2017-08-30', '2017-08-30', '', '- Tablet Positivo Stilo\r\n- Samsung Galaxy S3 Duos (I8262B)\r\n- Samgun Galaxy S3 Mini (GT-I8190L)', '---Tablet Positivo:\r\nNão liga, tela quebrada.\r\n\r\n--- Celular Galaxy S3 Duos:\r\nTela quebrada, conector de carga com defeito não carrega, carcaça do celular danificada.\r\n\r\n--- celular Galaxy S3 Mini:\r\nTela quebrada e display não acende.', 'Cancelado', '', '', NULL, 3, 2, NULL, NULL, NULL, NULL, 0, ''),
(4, '2017-08-30', '2017-08-30', '', 'Samsung J3', 'Display não funciona', 'Em Andamento', '', '', '200.00', 4, 2, NULL, NULL, NULL, NULL, 1, ''),
(5, '2017-09-01', '2017-09-01', '', 'Moto g 2', 'Tela Quebrada', 'Finalizado', '', '', '160', 3, 2, NULL, NULL, NULL, NULL, 1, ''),
(6, '2017-09-07', '2017-09-07', '', 'Celular Positivo S480', 'Tela Quebrada', 'Em Andamento', '', '', NULL, 5, 2, NULL, NULL, NULL, NULL, 0, ''),
(7, '2017-09-21', '2017-09-21', '', 'Iphone 5s Preto', 'tela não funciona.', 'Em Andamento', '', 'realizar troca da tela', NULL, 6, 2, NULL, NULL, NULL, NULL, 0, ''),
(8, '2017-09-27', '2017-09-27', '', 'Iphone 5s', 'Tela quebrada e bateria viciada', 'Em Andamento', '', '', '280', 7, 2, NULL, NULL, NULL, NULL, 1, ''),
(9, '2017-09-27', '2017-09-27', '', 'Celular Iphone 5', 'Tela touch inoperante\r\nbateria viciada', 'Finalizado', '', '', NULL, 8, 2, NULL, NULL, NULL, NULL, 0, ''),
(10, '2018-03-27', '2018-03-27', '', 'dsa', 'asd', 'Cancelado', '', '', '80', 9, 2, NULL, NULL, NULL, NULL, 1, ''),
(11, '2018-05-10', '2018-05-10', '', 'tsstst', 'tststst', 'Orçamento', '', '', NULL, 9, 2, NULL, NULL, NULL, NULL, 0, ''),
(12, '2018-05-15', '2018-05-15', '', 'sadsdsa', 'sadsadsadsa', 'Orçamento', '', '', '90', 101, 2, NULL, NULL, NULL, NULL, 1, ''),
(15, '2018-05-17', '0000-00-00', '', '', '', 'Orçamento', '', '', '239.00', 101, 2, NULL, NULL, NULL, 6, 1, ''),
(17, '2018-05-17', '2018-05-17', '', 'asdasdasdasd', '', 'Finalizado', '', '', '80', 9, 2, NULL, NULL, NULL, NULL, 1, ''),
(18, '2018-10-06', '0000-00-00', '90', 'dsa', 'adsa', 'Aberto', 'dsa', 'dsa', '120.00', 101, 2, 3, 1, 7, 3, 1, '1212'),
(19, '2019-04-20', '0000-00-00', '', 'dsadsadsa', '', 'Aberto', '', '', '10.00', 9, 2, 3, 1, 7, 9, 1, ''),
(20, '2019-05-12', '0000-00-00', '', 'asdasd', '', 'Aguardando Peças', '', '', '9.00', 9, 2, 7, 1, 10, 23, 1, '');

-- --------------------------------------------------------

--
-- Estrutura da tabela `parcelas`
--

CREATE TABLE `parcelas` (
  `idParcela` int(11) NOT NULL,
  `dataVencimento` date NOT NULL,
  `nrParcelas` int(11) NOT NULL,
  `valorParcelas` decimal(12,2) NOT NULL,
  `os_id` int(11) NOT NULL
) ENGINE=InnoDB DEFAULT CHARSET=latin1;

--
-- Extraindo dados da tabela `parcelas`
--

INSERT INTO `parcelas` (`idParcela`, `dataVencimento`, `nrParcelas`, `valorParcelas`, `os_id`) VALUES
(1, '2019-04-20', 1, '40.00', 18),
(2, '2019-05-20', 2, '40.00', 18),
(3, '2019-06-20', 3, '40.00', 18),
(4, '2019-04-20', 1, '79.00', 15),
(5, '2019-05-20', 2, '79.00', 15),
(6, '2019-06-20', 3, '79.00', 15),
(7, '2019-04-20', 1, '3.00', 19),
(8, '2019-05-20', 2, '3.00', 19),
(9, '2019-06-20', 3, '3.00', 19);

-- --------------------------------------------------------

--
-- Estrutura da tabela `permissoes`
--

CREATE TABLE `permissoes` (
  `idPermissao` int(11) NOT NULL,
  `nome` varchar(80) NOT NULL,
  `permissoes` text,
  `situacao` tinyint(1) DEFAULT NULL,
  `data` date DEFAULT NULL
) ENGINE=InnoDB DEFAULT CHARSET=latin1;

--
-- Extraindo dados da tabela `permissoes`
--

INSERT INTO `permissoes` (`idPermissao`, `nome`, `permissoes`, `situacao`, `data`) VALUES
(1, 'Administrador', 'a:38:{s:8:\"aCliente\";s:1:\"1\";s:8:\"eCliente\";s:1:\"1\";s:8:\"dCliente\";s:1:\"1\";s:8:\"vCliente\";s:1:\"1\";s:8:\"aProduto\";s:1:\"1\";s:8:\"eProduto\";s:1:\"1\";s:8:\"dProduto\";s:1:\"1\";s:8:\"vProduto\";s:1:\"1\";s:8:\"aServico\";s:1:\"1\";s:8:\"eServico\";s:1:\"1\";s:8:\"dServico\";s:1:\"1\";s:8:\"vServico\";s:1:\"1\";s:3:\"aOs\";s:1:\"1\";s:3:\"eOs\";s:1:\"1\";s:3:\"dOs\";s:1:\"1\";s:3:\"vOs\";s:1:\"1\";s:6:\"aVenda\";s:1:\"1\";s:6:\"eVenda\";s:1:\"1\";s:6:\"dVenda\";s:1:\"1\";s:6:\"vVenda\";s:1:\"1\";s:8:\"aArquivo\";s:1:\"1\";s:8:\"eArquivo\";s:1:\"1\";s:8:\"dArquivo\";s:1:\"1\";s:8:\"vArquivo\";s:1:\"1\";s:11:\"aLancamento\";s:1:\"1\";s:11:\"eLancamento\";s:1:\"1\";s:11:\"dLancamento\";s:1:\"1\";s:11:\"vLancamento\";s:1:\"1\";s:8:\"cUsuario\";s:1:\"1\";s:9:\"cEmitente\";s:1:\"1\";s:10:\"cPermissao\";s:1:\"1\";s:7:\"cBackup\";s:1:\"1\";s:8:\"rCliente\";s:1:\"1\";s:8:\"rProduto\";s:1:\"1\";s:8:\"rServico\";s:1:\"1\";s:3:\"rOs\";s:1:\"1\";s:6:\"rVenda\";s:1:\"1\";s:11:\"rFinanceiro\";s:1:\"1\";}', 1, '2014-09-03');

-- --------------------------------------------------------

--
-- Estrutura da tabela `produtos`
--

CREATE TABLE `produtos` (
  `idProdutos` int(11) NOT NULL,
  `descricao` varchar(80) NOT NULL,
  `unidade` varchar(10) DEFAULT NULL,
  `precoCompra` decimal(10,2) DEFAULT NULL,
  `precoVenda` decimal(10,2) NOT NULL,
  `estoque` int(11) NOT NULL,
  `estoqueMinimo` int(11) DEFAULT NULL,
  `saida` tinyint(1) DEFAULT NULL,
  `entrada` tinyint(1) DEFAULT NULL
) ENGINE=InnoDB DEFAULT CHARSET=latin1;

--
-- Extraindo dados da tabela `produtos`
--

INSERT INTO `produtos` (`idProdutos`, `descricao`, `unidade`, `precoCompra`, `precoVenda`, `estoque`, `estoqueMinimo`, `saida`, `entrada`) VALUES
(1, 'Tela LG-K430TV', 'UN', '140.00', '180.00', 0, 0, 1, 1),
(2, 'Tela Galaxy S3 Duos (8262)', 'UN', '20.00', '40.00', 0, 0, 1, 1),
(3, 'Conector Galaxy S3 Duos (8262)', 'UN', '40.00', '40.00', 0, 0, 1, 1),
(4, 'Bateria Iphone 6', 'UN', '60.00', '80.00', 0, 0, 1, 1),
(5, 'Tela Samsung J3', 'UN', '180.00', '200.00', 0, 0, 1, 1),
(6, 'Tela Moto G2', 'UN', '80.00', '80.00', 0, 0, 1, 1),
(7, 'Tela Positivo S480', 'UN', '130.00', '130.00', 0, 0, 1, 1),
(8, 'Tela Iphone 5s', 'UN', '80.00', '80.00', 0, 0, 1, 1),
(9, 'Tela Iphone 5', 'UN', '80.00', '100.00', 0, 0, 1, 1),
(10, 'Bateria Iphone 5', 'UN', '40.00', '60.00', 0, 0, 1, 1),
(11, 'Bateria Iphone 5s', 'UN', '40.00', '60.00', 0, 0, 1, 1),
(12, 'Pelicula iphone 5s 2', 'UN', '10.00', '10.00', 19, 0, 1, 1);

-- --------------------------------------------------------

--
-- Estrutura da tabela `produtos_compras`
--

CREATE TABLE `produtos_compras` (
  `idProduto_compras` int(11) NOT NULL,
  `quantidade` int(11) NOT NULL,
  `compras_id` int(11) NOT NULL,
  `produtos_id` int(11) NOT NULL,
  `desconto` decimal(12,2) DEFAULT NULL,
  `subTotal` decimal(12,2) DEFAULT NULL
) ENGINE=InnoDB DEFAULT CHARSET=latin1;

-- --------------------------------------------------------

--
-- Estrutura da tabela `produtos_os`
--

CREATE TABLE `produtos_os` (
  `idProdutos_os` int(11) NOT NULL,
  `quantidade` int(11) NOT NULL,
  `os_id` int(11) NOT NULL,
  `produtos_id` int(11) NOT NULL,
  `desconto` decimal(12,2) DEFAULT NULL,
  `subTotal` decimal(12,2) DEFAULT NULL
) ENGINE=InnoDB DEFAULT CHARSET=latin1;

--
-- Extraindo dados da tabela `produtos_os`
--

INSERT INTO `produtos_os` (`idProdutos_os`, `quantidade`, `os_id`, `produtos_id`, `desconto`, `subTotal`) VALUES
(1, 1, 1, 1, NULL, '180.00'),
(2, 1, 3, 2, NULL, '40.00'),
(3, 1, 3, 3, NULL, '40.00'),
(5, 1, 4, 5, NULL, '200.00'),
(6, 1, 5, 6, NULL, '80.00'),
(7, 1, 6, 7, NULL, '130.00'),
(8, 1, 7, 8, NULL, '80.00'),
(9, 1, 8, 8, NULL, '80.00'),
(10, 1, 8, 11, NULL, '60.00'),
(11, 1, 9, 9, NULL, '100.00'),
(12, 1, 9, 10, NULL, '60.00'),
(13, 1, 7, 12, NULL, '10.00'),
(14, 1, 8, 12, NULL, '10.00'),
(20, 1, 15, 4, '10.00', '80.00'),
(22, 1, 15, 12, '2.00', '10.00'),
(23, 1, 15, 12, '9.00', '10.00'),
(30, 1, 12, 12, '0.00', '10.00'),
(31, 1, 17, 12, '2.00', '10.00'),
(32, 1, 18, 12, '10.00', '10.00'),
(33, 1, 18, 12, '0.00', '10.00'),
(34, 1, 19, 12, '0.00', '10.00'),
(35, 1, 20, 12, '1.00', '10.00');

-- --------------------------------------------------------

--
-- Estrutura da tabela `servicos`
--

CREATE TABLE `servicos` (
  `idServicos` int(11) NOT NULL,
  `nome` varchar(45) NOT NULL,
  `descricao` varchar(45) DEFAULT NULL,
  `preco` decimal(10,2) NOT NULL
) ENGINE=InnoDB DEFAULT CHARSET=latin1;

--
-- Extraindo dados da tabela `servicos`
--

INSERT INTO `servicos` (`idServicos`, `nome`, `descricao`, `preco`) VALUES
(1, 'Troca de Tela celular', '', '80.00'),
(2, 'Troca de Tela Tablet', '', '80.00'),
(3, 'Troca de Bateria', '', '40.00'),
(4, 'Concerto Celular', '', '40.00'),
(5, 'Troca Conector de carga', '', '70.00');

-- --------------------------------------------------------

--
-- Estrutura da tabela `servicos_os`
--

CREATE TABLE `servicos_os` (
  `idServicos_os` int(11) NOT NULL,
  `os_id` int(11) NOT NULL,
  `servicos_id` int(11) NOT NULL,
  `desconto` decimal(12,2) DEFAULT NULL,
  `subTotal` decimal(12,2) DEFAULT NULL
) ENGINE=InnoDB DEFAULT CHARSET=latin1;

--
-- Extraindo dados da tabela `servicos_os`
--

INSERT INTO `servicos_os` (`idServicos_os`, `os_id`, `servicos_id`, `desconto`, `subTotal`) VALUES
(1, 1, 1, NULL, '90.00'),
(2, 3, 1, NULL, '90.00'),
(3, 3, 1, NULL, '90.00'),
(4, 3, 2, NULL, '80.00'),
(5, 4, 1, NULL, '90.00'),
(6, 5, 1, NULL, '90.00'),
(7, 6, 1, NULL, '90.00'),
(8, 7, 1, NULL, '90.00'),
(9, 8, 1, NULL, '90.00'),
(10, 8, 3, NULL, '40.00'),
(11, 9, 1, NULL, '90.00'),
(12, 9, 3, NULL, '40.00'),
(14, 11, 5, NULL, '70.00'),
(17, 15, 1, NULL, '80.00'),
(18, 15, 2, NULL, '80.00'),
(20, 12, 1, '10.00', '80.00'),
(21, 17, 1, '10.00', '80.00'),
(22, 17, 3, '5.00', '40.00'),
(23, 18, 1, '0.00', '80.00'),
(24, 18, 3, '10.00', '40.00');

-- --------------------------------------------------------

--
-- Estrutura da tabela `situacoes`
--

CREATE TABLE `situacoes` (
  `idSituacao` varchar(100) NOT NULL,
  `cor` varchar(20) NOT NULL,
  `ativo` tinyint(1) NOT NULL
) ENGINE=InnoDB DEFAULT CHARSET=latin1;

--
-- Extraindo dados da tabela `situacoes`
--

INSERT INTO `situacoes` (`idSituacao`, `cor`, `ativo`) VALUES
('Aberto', '#137033', 0),
('Aguardando Peças', '#c53ddb', 0),
('Cancelado', '#e81717', 0),
('Em andamento', '#55b1e6', 0),
('Faturado', '#6378e6', 0),
('Finalizado', '#1612b8', 0),
('Orçamento', '#e3c68f', 0);

-- --------------------------------------------------------

--
-- Estrutura da tabela `usuarios`
--

CREATE TABLE `usuarios` (
  `idUsuarios` int(11) NOT NULL,
  `nome` varchar(80) NOT NULL,
  `rg` varchar(20) DEFAULT NULL,
  `cpf` varchar(20) NOT NULL,
  `rua` varchar(70) DEFAULT NULL,
  `numero` varchar(15) DEFAULT NULL,
  `bairro` varchar(45) DEFAULT NULL,
  `cidade` varchar(45) DEFAULT NULL,
  `estado` varchar(20) DEFAULT NULL,
  `email` varchar(80) NOT NULL,
  `senha` varchar(200) NOT NULL,
  `telefone` varchar(20) NOT NULL,
  `celular` varchar(20) DEFAULT NULL,
  `situacao` tinyint(1) NOT NULL,
  `dataCadastro` date NOT NULL,
  `permissoes_id` int(11) NOT NULL,
  `dataExpiracao` date DEFAULT NULL
) ENGINE=InnoDB DEFAULT CHARSET=latin1;

--
-- Extraindo dados da tabela `usuarios`
--

INSERT INTO `usuarios` (`idUsuarios`, `nome`, `rg`, `cpf`, `rua`, `numero`, `bairro`, `cidade`, `estado`, `email`, `senha`, `telefone`, `celular`, `situacao`, `dataCadastro`, `permissoes_id`, `dataExpiracao`) VALUES
(1, 'admin', 'MG-25.502.560', '600.021.520-87', 'Rua Acima', '12', 'Alvorada', 'Teste', 'MG', 'admin@admin.com', '$2y$10$lAW0AXb0JLZxR0yDdfcBcu3BN9c2AXKKjKTdug7Or0pr6cSGtgyGO', '0000-0000', '', 1, '2013-11-22', 1, NULL),
(2, 'Rodrigo Eduardo', '200.300.60.12.668', '059.582.604-05', 'Coronel Alcides B. Ferreira', '169', 'Ap 401', 'Maceio', 'Alagoas', 'rodrigoeduardo9@gmail.com', '$2y$10$6cvUsYHHS0zVyfBGu.38b.0Q6G4GLmFlFbV0AbLisgBBFMfa5wwL2', '(82)99655-0234', '', 1, '2017-08-26', 1, '2026-01-01');

-- --------------------------------------------------------

--
-- Estrutura da tabela `vendas`
--

CREATE TABLE `vendas` (
  `idVendas` int(11) NOT NULL,
  `dataVenda` date DEFAULT NULL,
  `valorTotal` varchar(45) DEFAULT NULL,
  `desconto` varchar(45) DEFAULT NULL,
  `faturado` tinyint(1) DEFAULT NULL,
  `clientes_id` int(11) NOT NULL,
  `usuarios_id` int(11) DEFAULT NULL,
  `lancamentos_id` int(11) DEFAULT NULL
) ENGINE=InnoDB DEFAULT CHARSET=latin1;

--
-- Extraindo dados da tabela `vendas`
--

INSERT INTO `vendas` (`idVendas`, `dataVenda`, `valorTotal`, `desconto`, `faturado`, `clientes_id`, `usuarios_id`, `lancamentos_id`) VALUES
(1, '2018-06-06', NULL, NULL, 0, 9, 2, NULL);

--
-- Indexes for dumped tables
--

--
-- Indexes for table `anexos`
--
ALTER TABLE `anexos`
  ADD PRIMARY KEY (`idAnexos`),
  ADD KEY `fk_anexos_os1` (`os_id`);

--
-- Indexes for table `ci_sessions`
--
ALTER TABLE `ci_sessions`
  ADD KEY `ci_sessions_timestamp` (`timestamp`);

--
-- Indexes for table `clientes`
--
ALTER TABLE `clientes`
  ADD PRIMARY KEY (`idClientes`);

--
-- Indexes for table `compras`
--
ALTER TABLE `compras`
  ADD PRIMARY KEY (`idCompra`);

--
-- Indexes for table `documentos`
--
ALTER TABLE `documentos`
  ADD PRIMARY KEY (`idDocumentos`);

--
-- Indexes for table `emitente`
--
ALTER TABLE `emitente`
  ADD PRIMARY KEY (`id`);

--
-- Indexes for table `equipamentos`
--
ALTER TABLE `equipamentos`
  ADD PRIMARY KEY (`idEquipamentos`),
  ADD KEY `fk_equipanentos_marcas1_idx` (`marcas_id`),
  ADD KEY `fk_equipanentos_clientes1_idx` (`clientes_id`);

--
-- Indexes for table `equipamentos_os`
--
ALTER TABLE `equipamentos_os`
  ADD PRIMARY KEY (`idEquipamentos_os`),
  ADD KEY `fk_equipamentos_os_equipanentos1_idx` (`equipamentos_id`),
  ADD KEY `fk_equipamentos_os_os1_idx` (`os_id`);

--
-- Indexes for table `fornecedores`
--
ALTER TABLE `fornecedores`
  ADD PRIMARY KEY (`idFornecedor`);

--
-- Indexes for table `itens_de_vendas`
--
ALTER TABLE `itens_de_vendas`
  ADD PRIMARY KEY (`idItens`),
  ADD KEY `fk_itens_de_vendas_vendas1` (`vendas_id`),
  ADD KEY `fk_itens_de_vendas_produtos1` (`produtos_id`);

--
-- Indexes for table `lancamentos`
--
ALTER TABLE `lancamentos`
  ADD PRIMARY KEY (`idLancamentos`),
  ADD KEY `fk_lancamentos_clientes1` (`clientes_id`);

--
-- Indexes for table `marcas`
--
ALTER TABLE `marcas`
  ADD PRIMARY KEY (`idMarcas`);

--
-- Indexes for table `modelos`
--
ALTER TABLE `modelos`
  ADD PRIMARY KEY (`idModelos`);

--
-- Indexes for table `os`
--
ALTER TABLE `os`
  ADD PRIMARY KEY (`idOs`),
  ADD KEY `fk_os_clientes1` (`clientes_id`),
  ADD KEY `fk_os_usuarios1` (`usuarios_id`),
  ADD KEY `fk_os_lancamentos1` (`lancamento`),
  ADD KEY `fk_os_marcas1` (`marcas_id`) USING BTREE;

--
-- Indexes for table `parcelas`
--
ALTER TABLE `parcelas`
  ADD PRIMARY KEY (`idParcela`);

--
-- Indexes for table `permissoes`
--
ALTER TABLE `permissoes`
  ADD PRIMARY KEY (`idPermissao`);

--
-- Indexes for table `produtos`
--
ALTER TABLE `produtos`
  ADD PRIMARY KEY (`idProdutos`);

--
-- Indexes for table `produtos_compras`
--
ALTER TABLE `produtos_compras`
  ADD PRIMARY KEY (`idProduto_compras`);

--
-- Indexes for table `produtos_os`
--
ALTER TABLE `produtos_os`
  ADD PRIMARY KEY (`idProdutos_os`),
  ADD KEY `fk_produtos_os_os1` (`os_id`),
  ADD KEY `fk_produtos_os_produtos1` (`produtos_id`);

--
-- Indexes for table `servicos`
--
ALTER TABLE `servicos`
  ADD PRIMARY KEY (`idServicos`);

--
-- Indexes for table `servicos_os`
--
ALTER TABLE `servicos_os`
  ADD PRIMARY KEY (`idServicos_os`),
  ADD KEY `fk_servicos_os_os1` (`os_id`),
  ADD KEY `fk_servicos_os_servicos1` (`servicos_id`);

--
-- Indexes for table `situacoes`
--
ALTER TABLE `situacoes`
  ADD PRIMARY KEY (`idSituacao`);

--
-- Indexes for table `usuarios`
--
ALTER TABLE `usuarios`
  ADD PRIMARY KEY (`idUsuarios`),
  ADD KEY `fk_usuarios_permissoes1_idx` (`permissoes_id`);

--
-- Indexes for table `vendas`
--
ALTER TABLE `vendas`
  ADD PRIMARY KEY (`idVendas`),
  ADD KEY `fk_vendas_clientes1` (`clientes_id`),
  ADD KEY `fk_vendas_usuarios1` (`usuarios_id`),
  ADD KEY `fk_vendas_lancamentos1` (`lancamentos_id`);

--
-- AUTO_INCREMENT for dumped tables
--

--
-- AUTO_INCREMENT for table `anexos`
--
ALTER TABLE `anexos`
  MODIFY `idAnexos` int(11) NOT NULL AUTO_INCREMENT;
--
-- AUTO_INCREMENT for table `clientes`
--
ALTER TABLE `clientes`
  MODIFY `idClientes` int(11) NOT NULL AUTO_INCREMENT, AUTO_INCREMENT=105;
--
-- AUTO_INCREMENT for table `compras`
--
ALTER TABLE `compras`
  MODIFY `idCompra` int(11) NOT NULL AUTO_INCREMENT, AUTO_INCREMENT=11;
--
-- AUTO_INCREMENT for table `documentos`
--
ALTER TABLE `documentos`
  MODIFY `idDocumentos` int(11) NOT NULL AUTO_INCREMENT;
--
-- AUTO_INCREMENT for table `emitente`
--
ALTER TABLE `emitente`
  MODIFY `id` int(11) NOT NULL AUTO_INCREMENT, AUTO_INCREMENT=2;
--
-- AUTO_INCREMENT for table `equipamentos`
--
ALTER TABLE `equipamentos`
  MODIFY `idEquipamentos` int(11) NOT NULL AUTO_INCREMENT, AUTO_INCREMENT=5;
--
-- AUTO_INCREMENT for table `equipamentos_os`
--
ALTER TABLE `equipamentos_os`
  MODIFY `idEquipamentos_os` int(11) NOT NULL AUTO_INCREMENT;
--
-- AUTO_INCREMENT for table `fornecedores`
--
ALTER TABLE `fornecedores`
  MODIFY `idFornecedor` int(11) NOT NULL AUTO_INCREMENT, AUTO_INCREMENT=3;
--
-- AUTO_INCREMENT for table `itens_de_vendas`
--
ALTER TABLE `itens_de_vendas`
  MODIFY `idItens` int(11) NOT NULL AUTO_INCREMENT;
--
-- AUTO_INCREMENT for table `lancamentos`
--
ALTER TABLE `lancamentos`
  MODIFY `idLancamentos` int(11) NOT NULL AUTO_INCREMENT, AUTO_INCREMENT=26;
--
-- AUTO_INCREMENT for table `marcas`
--
ALTER TABLE `marcas`
  MODIFY `idMarcas` int(11) NOT NULL AUTO_INCREMENT, AUTO_INCREMENT=8;
--
-- AUTO_INCREMENT for table `modelos`
--
ALTER TABLE `modelos`
  MODIFY `idModelos` int(11) NOT NULL AUTO_INCREMENT, AUTO_INCREMENT=13;
--
-- AUTO_INCREMENT for table `os`
--
ALTER TABLE `os`
  MODIFY `idOs` int(11) NOT NULL AUTO_INCREMENT, AUTO_INCREMENT=21;
--
-- AUTO_INCREMENT for table `parcelas`
--
ALTER TABLE `parcelas`
  MODIFY `idParcela` int(11) NOT NULL AUTO_INCREMENT, AUTO_INCREMENT=10;
--
-- AUTO_INCREMENT for table `permissoes`
--
ALTER TABLE `permissoes`
  MODIFY `idPermissao` int(11) NOT NULL AUTO_INCREMENT, AUTO_INCREMENT=2;
--
-- AUTO_INCREMENT for table `produtos`
--
ALTER TABLE `produtos`
  MODIFY `idProdutos` int(11) NOT NULL AUTO_INCREMENT, AUTO_INCREMENT=13;
--
-- AUTO_INCREMENT for table `produtos_compras`
--
ALTER TABLE `produtos_compras`
  MODIFY `idProduto_compras` int(11) NOT NULL AUTO_INCREMENT;
--
-- AUTO_INCREMENT for table `produtos_os`
--
ALTER TABLE `produtos_os`
  MODIFY `idProdutos_os` int(11) NOT NULL AUTO_INCREMENT, AUTO_INCREMENT=36;
--
-- AUTO_INCREMENT for table `servicos`
--
ALTER TABLE `servicos`
  MODIFY `idServicos` int(11) NOT NULL AUTO_INCREMENT, AUTO_INCREMENT=6;
--
-- AUTO_INCREMENT for table `servicos_os`
--
ALTER TABLE `servicos_os`
  MODIFY `idServicos_os` int(11) NOT NULL AUTO_INCREMENT, AUTO_INCREMENT=25;
--
-- AUTO_INCREMENT for table `usuarios`
--
ALTER TABLE `usuarios`
  MODIFY `idUsuarios` int(11) NOT NULL AUTO_INCREMENT, AUTO_INCREMENT=3;
--
-- AUTO_INCREMENT for table `vendas`
--
ALTER TABLE `vendas`
  MODIFY `idVendas` int(11) NOT NULL AUTO_INCREMENT, AUTO_INCREMENT=2;
--
-- Constraints for dumped tables
--

--
-- Limitadores para a tabela `anexos`
--
ALTER TABLE `anexos`
  ADD CONSTRAINT `fk_anexos_os1` FOREIGN KEY (`os_id`) REFERENCES `os` (`idOs`) ON DELETE NO ACTION ON UPDATE NO ACTION;

--
-- Limitadores para a tabela `equipamentos`
--
ALTER TABLE `equipamentos`
  ADD CONSTRAINT `fk_equipanentos_clientes1` FOREIGN KEY (`clientes_id`) REFERENCES `clientes` (`idClientes`) ON DELETE NO ACTION ON UPDATE NO ACTION,
  ADD CONSTRAINT `fk_equipanentos_marcas1` FOREIGN KEY (`marcas_id`) REFERENCES `marcas` (`idMarcas`) ON DELETE NO ACTION ON UPDATE NO ACTION;

--
-- Limitadores para a tabela `equipamentos_os`
--
ALTER TABLE `equipamentos_os`
  ADD CONSTRAINT `fk_equipamentos_os_equipanentos1` FOREIGN KEY (`equipamentos_id`) REFERENCES `equipamentos` (`idEquipamentos`) ON DELETE NO ACTION ON UPDATE NO ACTION,
  ADD CONSTRAINT `fk_equipamentos_os_os1` FOREIGN KEY (`os_id`) REFERENCES `os` (`idOs`) ON DELETE NO ACTION ON UPDATE NO ACTION;

--
-- Limitadores para a tabela `itens_de_vendas`
--
ALTER TABLE `itens_de_vendas`
  ADD CONSTRAINT `fk_itens_de_vendas_produtos1` FOREIGN KEY (`produtos_id`) REFERENCES `produtos` (`idProdutos`) ON DELETE NO ACTION ON UPDATE NO ACTION,
  ADD CONSTRAINT `fk_itens_de_vendas_vendas1` FOREIGN KEY (`vendas_id`) REFERENCES `vendas` (`idVendas`) ON DELETE NO ACTION ON UPDATE NO ACTION;

--
-- Limitadores para a tabela `lancamentos`
--
ALTER TABLE `lancamentos`
  ADD CONSTRAINT `fk_lancamentos_clientes1` FOREIGN KEY (`clientes_id`) REFERENCES `clientes` (`idClientes`) ON DELETE NO ACTION ON UPDATE NO ACTION;

--
-- Limitadores para a tabela `os`
--
ALTER TABLE `os`
  ADD CONSTRAINT `fk_os_clientes1` FOREIGN KEY (`clientes_id`) REFERENCES `clientes` (`idClientes`) ON DELETE NO ACTION ON UPDATE NO ACTION,
  ADD CONSTRAINT `fk_os_lancamentos1` FOREIGN KEY (`lancamento`) REFERENCES `lancamentos` (`idLancamentos`) ON DELETE NO ACTION ON UPDATE NO ACTION,
  ADD CONSTRAINT `fk_os_usuarios1` FOREIGN KEY (`usuarios_id`) REFERENCES `usuarios` (`idUsuarios`) ON DELETE NO ACTION ON UPDATE NO ACTION;

--
-- Limitadores para a tabela `produtos_os`
--
ALTER TABLE `produtos_os`
  ADD CONSTRAINT `fk_produtos_os_os1` FOREIGN KEY (`os_id`) REFERENCES `os` (`idOs`) ON DELETE NO ACTION ON UPDATE NO ACTION,
  ADD CONSTRAINT `fk_produtos_os_produtos1` FOREIGN KEY (`produtos_id`) REFERENCES `produtos` (`idProdutos`) ON DELETE NO ACTION ON UPDATE NO ACTION;

--
-- Limitadores para a tabela `servicos_os`
--
ALTER TABLE `servicos_os`
  ADD CONSTRAINT `fk_servicos_os_os1` FOREIGN KEY (`os_id`) REFERENCES `os` (`idOs`) ON DELETE NO ACTION ON UPDATE NO ACTION,
  ADD CONSTRAINT `fk_servicos_os_servicos1` FOREIGN KEY (`servicos_id`) REFERENCES `servicos` (`idServicos`) ON DELETE NO ACTION ON UPDATE NO ACTION;

--
-- Limitadores para a tabela `usuarios`
--
ALTER TABLE `usuarios`
  ADD CONSTRAINT `fk_usuarios_permissoes1` FOREIGN KEY (`permissoes_id`) REFERENCES `permissoes` (`idPermissao`) ON DELETE NO ACTION ON UPDATE NO ACTION;

--
-- Limitadores para a tabela `vendas`
--
ALTER TABLE `vendas`
  ADD CONSTRAINT `fk_vendas_clientes1` FOREIGN KEY (`clientes_id`) REFERENCES `clientes` (`idClientes`) ON DELETE NO ACTION ON UPDATE NO ACTION,
  ADD CONSTRAINT `fk_vendas_lancamentos1` FOREIGN KEY (`lancamentos_id`) REFERENCES `lancamentos` (`idLancamentos`) ON DELETE NO ACTION ON UPDATE NO ACTION,
  ADD CONSTRAINT `fk_vendas_usuarios1` FOREIGN KEY (`usuarios_id`) REFERENCES `usuarios` (`idUsuarios`) ON DELETE NO ACTION ON UPDATE NO ACTION;

/*!40101 SET CHARACTER_SET_CLIENT=@OLD_CHARACTER_SET_CLIENT */;
/*!40101 SET CHARACTER_SET_RESULTS=@OLD_CHARACTER_SET_RESULTS */;
/*!40101 SET COLLATION_CONNECTION=@OLD_COLLATION_CONNECTION */;
